q_slab_index,x_panel_index,x_lo,x_hi,kind,contribution_lower,contribution_upper
0,0,0/10,1/10,C,8.27994414535849385017781730029839993883485736743389676319136099188490941822841041093279993736086e-02,8.28214735261561208042074614514815153936023029044104809636911456296384893016380086892392275286830e-02
0,1,1/10,2/10,C,7.81061437061929562853436265474393635259953126030388921285626308426784866637418657075404948380792e-02,7.81672403528508541315670397571475895868665752443273159106978930708724519970145406548294322632329e-02
0,2,2/10,3/10,C,6.86472118461413740389061075214563251215216721352005548615582753510394448645515074155495422963137e-02,6.87495555540911225866891798218880275647401760372306348874374959682287556484310339784208037865905e-02
0,3,3/10,4/10,C,5.42456244781740828799936322947771496276257110289009162613776794084895323793484870790641824838891e-02,5.43923986107570429283057518904710723140359247821099105069558198758347400632815584103304941828524e-02
0,4,4/10,5/10,C,3.46489256781297771569742502675586500328319571266323300345612635183040883619562653029166120670429e-02,3.48444291373283029950801908467556916637222627749954099522182536326164227845710202397032460349379e-02
0,5,5/10,6/10,C,9.54348017891080290444137794088247064146409917972296395091534262841941457610297848214720564955241e-03,9.79401769629880102735746224127540203978086616429988582603285688516479567978499684868323086199034e-03
0,6,6/10,7/10,C,-2.14272850020982093143293035429491893508214228930764567990437177207153770786895122893164788219057e-02,-2.11147032796837700172493541514390842155553131966087610332957108389464220906477991565101667892751e-02
0,7,7/10,8/10,C,-5.86454523325646088570485451044908872979990571453451824602818797244234869960394394534095369422763e-02,-5.82626553509330852251144823749333657772527677085362929846235708015937426385757922720258133218856e-02
0,8,8/10,9/10,C,-1.02500251229077751120191054511183419110437830767964005378450811085125876578728685268738791942476e-01,-1.02037831346579968850278436421427208930245394138805321049375043374832044826162907637657863722263e-01
0,9,9/10,10/10,C,-1.53371496385773185484247428639799104829765381660929760606651562945523877954094582046983801680208e-01,-1.52819571340132174263861237210274587573222526038660945847214030839684495106524362123393826872065e-01
0,0,0/10,1/10,Cq,-1.02126178329365608509480021427923769771637230891858676332542462739843205926032248080488395801485e-02,5.12322760685827993593983630755005776169216666031242307687044946750725869671778858852652718536751e-02
0,1,1/10,2/10,Cq,-9.30220841156925338310494653917174081518647643301356168881856471600970282075879407796057141400659e-03,5.29033391910074473058822751190339048649058595719966419997356775560548118936017173351938122050613e-02
0,2,2/10,3/10,Cq,-8.71429489776193844557934524610744941019974792330505825321810063462575348401354629075914683850901e-03,5.62618877483290998615300744709004978345651214655487887346179523856408287025556772196515229093019e-02
0,3,3/10,4/10,Cq,-9.52690157634554409078319175993089559345269485723370314488287939352623951969627453165024649944180e-03,6.02989577462706933756018162172498990484520420982673990474832810383288110232698277637921043922682e-02
0,4,4/10,5/10,Cq,-1.32105699779993353869197412925382338162340634170002477627555233274965619167241348883487981021050e-02,6.33592999425701878598678521391244440913041509596635994168914963670301610483336449016107430131826e-02
0,5,5/10,6/10,Cq,-2.20200778806836396242389382240227038188118968895135566214187868830930082231914106883624324701674e-02,6.33169253184642342527121098098867767388663813094824522062327758315229481995221741676356851099326e-02
0,6,6/10,7/10,Cq,-3.90222257801292385602322132996564545772354076517660711438561142623142407443796924145095339697806e-02,5.75129128291301257163287069994916060623277684683852729838289868103826994497359612581489688609493e-02
0,7,7/10,8/10,Cq,-6.82007576896314408283899753562000563192761658104652640563217777919764945766601512533705350244217e-02,4.27139655824444018601657265341064410038255528105077422084608270785154462435658285558749319181380e-02
0,8,8/10,9/10,Cq,-1.14348894818626473079582407591231690288115205467899344601380261911354246319808962457711494547078e-01,1.47166546787607948149202130416878052798869675647371563558361109742317777609640926559919306149599e-02
0,9,9/10,10/10,Cq,-1.82837587269531550798928950165496922700312299228742064755883654203662095434348357189596323391349e-01,-3.05165710853433483868689514835612446416028891297786308914628936901701050688544744205683437208081e-02
1,0,0/10,1/10,C,8.40765731704808357051419231886244678539774503110741577869906449063990170464462882708632311432005e-02,8.40994625448706544628254243240226357942245115809802053742727002712110205951223103788904957796296e-02
1,1,1/10,2/10,C,7.94632207977751218176287027983102475078002644827336003363621563693659873801483633661327798616677e-02,7.95251955422887112510663467079191585638070133470645607173622086023658315706347523529990330790989e-02
1,2,2/10,3/10,C,7.01328911253773369324485868299133414258319903442854797107047654132830894289022717118447686251123e-02,7.02363857968515844385437690254420186865937076704831238590249465305687270476207753504429604230013e-02
1,3,3/10,4/10,C,5.58449563963935014000073665706645878945268674114968069797675363115007277072370114407139095390821e-02,5.59933117645862581062076827612014612363388674759557074922632657100829154510013063428957981687750e-02
1,4,4/10,5/10,C,3.62477360411547772776748895009228983426753888643369977110877795878596553335013501119089257223620e-02,3.64452986110102610434293768913739510878047413333865638197682507144226374866612453617524499516000e-02
1,5,5/10,6/10,C,1.08882336371847433502462771192440373582627723044660507765171429434410060014648252067784782753521e-02,1.11413869446942784632805103803137361334070523140675469567976174900199499199970124072754077886229e-02
1,6,6/10,7/10,C,-2.07753873668378153029950183633914657727571354084522170531219086484287238923914083771716448644164e-02,-2.04585786315797931798685666430578985154617832660533263530248064423343938949636197207031286598921e-02
1,7,7/10,8/10,C,-5.93617138847200422386967600697375669023390061497015338711396149823291107554809509057996386201605e-02,-5.89717611876525373938903154321950002928909989990772139071123392763781329254099966547953196273761e-02
1,8,8/10,9/10,C,-1.05553877468065547525931237690655996016006431210217246166453905246221506879375648647707811468977e-01,-1.05079761338146543078969449766761653139936184293861724398805112672822668831591737758246678463109e-01
1,9,9/10,10/10,C,-1.60090674881718073982117391810210640055986413285860254877382038712081604642474940473883054286468e-01,-1.59520396571144936482035401687390929549392587105066197553835184620477913169493822895586018188413e-01
1,0,0/10,1/10,Cq,-1.33509056024689704021268117475204221454404313279669959920872021032513574807813070685860140384172e-02,5.24678588746598078335139937884473953598923604570972802186401339842363724894544265309541962345945e-02
1,1,1/10,2/10,Cq,-1.18581571078223587111758747334172689227214793692799644366397228862565271525039035363052222379005e-02,5.38247417812624120597602578819930552040720348726614260660567065224895233485338028455037429332220e-02
1,2,2/10,3/10,Cq,-1.09565152149594272256751592908221691081583446108266708956778463112345659011900923436021867747577e-02,5.73727410160814995528250801098907439352289162524143297165593827232626960016748693809790997446104e-02
1,3,3/10,4/10,Cq,-1.13953926995488048663574944940828246129296671961160685288263891155876043863179439277138922945292e-02,6.19362391602505056691829144670799378845682071362183648158777898204379547825651612796990559221363e-02
1,4,4/10,5/10,Cq,-1.44949094728118821111774880801331284441248400012506698758034313510038488510927348901284768885506e-02,6.56739000020917291624782238493021861122203662707030953004822099213986382142013568573468373176966e-02
1,5,5/10,6/10,Cq,-2.26592683429957695994435289942903770264042801786113007656099491027706625077413647425919334818813e-02,6.63747387566657709972035793352118091276946415766485618956137944667646897378419123972695642012382e-02
1,6,6/10,7/10,Cq,-3.91730013634690728514675700272814764318349316295073019758498135702570034332980034075568052999812e-02,6.11343432849693020649489042784630407018928166553055769023934291341812258369047212425884546581254e-02
1,7,7/10,8/10,Cq,-6.83542526647422982399051847204425239539600285112264021568821249801759349835086059143530293355022e-02,4.63956233232980012793225356791258582623850522605124038479509458437372966124122039640170418308836e-02
1,8,8/10,9/10,Cq,-1.15927560582421741223874742068724699069327520488480160479665090087021816353671727302707359344512e-01,1.72768497370155100553409063334249969994565612148887751394995943872211905533767984668364800660742e-02
1,9,9/10,10/10,Cq,-1.88482392328267393480966124015685034529549303072737605193165241304901960241554801474431362859920e-01,-3.11825179951509381313349201539390267129556849986337971128908754600508400966042799612687864277037e-02
2,0,0/10,1/10,C,8.52877585530012134887586539385650715190591070220296997782893521620282101549273861144730395598146e-02,8.53117670709790369044512396922992794953587307131978824515558930523611891384821213293267038280930e-02
2,1,1/10,2/10,C,8.07630730703351289967328084693903571771958050872753948176307751404534012991915185587392816789329e-02,8.08271095139856025586831119637455407560985950276214592162422750367807161286054743857898464174472e-02
2,2,2/10,3/10,C,7.15804984479441018236429466248159410331021896336247361227107896705624035976004591739159222809541e-02,7.16865798625504985228601941871285383607347520853411703377379543567520644418461429646820246109247e-02
2,3,3/10,4/10,C,5.74359763055883336296826859662462350143816052863166040457075139760507532831173091286349159211746e-02,5.75876898557279596061183669158417751395064886918020219457602790324131281505231844343712111411622e-02
2,4,4/10,5/10,C,3.78772254366498201467189027347738329192928568207890403065231540378557769205359044466545425964592e-02,3.80796319047748628431372098637369204635821656012008668020617643178630090788138715386316773496662e-02
2,5,5/10,6/10,C,1.23071526968373911987046665805055233169419414323659554370907442086041511874627354952022334980368e-02,1.25667345196435768095628501575864144523766805349198453155765641124114984228401379011436003487831e-02
2,6,6/10,7/10,C,-2.00141830850739959627818021772348220823092534568816168363934272099928976719709026985622425381613e-02,-1.96880245744213349779576882517417484300617795882319351595378617159696282735634409990633072044844e-02
2,7,7/10,8/10,C,-5.99670740777490670543487421378430331680382541543779230841497475535236117053955257424161099210476e-02,-5.95636284002530300156850064827826048660637453052657243686391441560963372305457449710392112298825e-02
2,8,8/10,9/10,C,-1.08575792225080001811712225764554689936195543972329176384013157971309266064955827752293621338644e-01,-1.08080726975627761937091328385872971996086824242609883982671400368975446967691797821794244366264e-01
2,9,9/10,10/10,C,-1.67015126364562813407509373870617457089360045177873267412062750024122034982145281492713844136729e-01,-1.66411348459014094984117537533958231616381111232999779206582990224408869741991578165980380721981e-01
2,0,0/10,1/10,Cq,-1.69198754385967282112364993373284577348419045040987470317946670620669565681111025670045404645235e-02,5.41927309623109887844483922403675274530844028613923721603616885318975450190641517816831357656336e-02
2,1,1/10,2/10,Cq,-1.53393471852485973272050926852846115960225959914083240359004050839641132848442189102664554040657e-02,5.55721914890429739713133877654564575474396727671089354846602590124748389446640335071922458138884e-02
2,2,2/10,3/10,Cq,-1.36241154900005940931244924701027784380073986575919624304603965745004945976459774294433479562287e-02,5.86949717162926947511000561172707840460398236629150208298281604748850080117328916970704018676505e-02
2,3,3/10,4/10,Cq,-1.36380304785345009002980801082946671321281757325621765017189310252700217858399844476648327699375e-02,6.37612090905779582094636704611736822987186641822037902260530506600545598390515466372836417518296e-02
2,4,4/10,5/10,Cq,-1.61921230119238617169873604133844089519789001350960697860399714761033563890025797993772838922678e-02,6.82390205382683188429765055994587877255583021771825364254951987692279544022255262534209283311335e-02
2,5,5/10,6/10,Cq,-2.37339275651243345424228697274495196515348581617740852186816292742772381946317794614341529863761e-02,6.97830451947655791117151822513155954624775015981059307827516244332259210976764707381105804323511e-02
2,6,6/10,7/10,Cq,-3.97319378022031668519960774376642614227286960963869222419330715762147077229165734898022569917229e-02,6.52736391946503179067852306177363018229592873458457549342194049894793402803807333068668098563592e-02
2,7,7/10,8/10,Cq,-6.89154616798699742324135872886212101770615113610731271588349931283235832492729199171162942988251e-02,5.06294951886612672570898352318090943899270339872080079815386842680781629616552519110365798231153e-02
2,8,8/10,9/10,Cq,-1.17729770249448721516542563989332848390077016439445329854541581392605293553156644727961955910758e-01,2.03835156931821875534873345391856246314301564931580556585694920534686282810775377854579005781119e-02
2,9,9/10,10/10,Cq,-1.94399397354951445539570470240430242131026121276602556527621752521766831572320142031053792629803e-01,-3.17202715521068044579590852017544013658623847305783328976079537361751434038672238920979957384826e-02
3,0,0/10,1/10,C,8.64310546185472313445787515013705324040075577270808938027515014874800717689080389875820364628792e-02,8.64563002714347094271009660661194653998491635420909901835044649610716495576935490395883384929823e-02
3,1,1/10,2/10,C,8.20037127525115009019094843821881781493786953176067160870511389642074662287362300051371958471244e-02,8.20704460585217127425984056091926193473693055432989511945397661715163248273968671423598847118983e-02
3,2,2/10,3/10,C,7.29871235742349481576093916466262443765917828610778319483467561690783470430654241126410374868513e-02,7.30973108401712894725132151679005145594644856934361762831540314583879622761348940031250863214775e-02
3,3,3/10,4/10,C,5.90147958376199588574709538224121771207281580853743604307070046141348541326693854829096379602137e-02,5.91725863780888659109639925686625452747470630306185937999262633328535172208374712135122909768974e-02
3,4,4/10,5/10,C,3.95333205285753716242884637252339152546906810633234476367249224888180794832960278592081584747905e-02,3.97454649855019985449547626032188915122169537911517746310175791191023108529824566571276057845279e-02
3,5,5/10,6/10,C,1.37968488407741328564220503693897322539435070729632075118189545423937770505619219045879700405328e-02,1.40713717684183102160746942169953424105108087734800682363381890013118329223426208283025364066291e-02
3,6,6/10,7/10,C,-1.91450516196154677438060298164767251669309552103683670596893252791212273493454888689183505372807e-02,-1.87965375294758291041483301862969909568963546822834630300868347629144279594884647750708321975654e-02
3,7,7/10,8/10,C,-6.04620305803937720970806706438213471677724008788818858233236602597369483636988934461791023578588e-02,-6.00251477323649732133088543852400079562650399361930184218485520792334711294283793626101456013847e-02
3,8,8/10,9/10,C,-1.11568539220843725152316112605924814523978097187670239893868074902973214300447795591540917927572e-01,-1.11025259692813237141995370768848941746516833615314223756362364767448190462572354209745515098013e-01
3,9,9/10,10/10,C,-1.74162817508665824466321254294218459127696880888616409466481389952312582204035362476642659337566e-01,-1.73487790084157341534392467460171559980059474266599755299169430031635092863059673741111521752130e-01
3,0,0/10,1/10,Cq,-2.10335503738335508573447175782841602706955193494163047034051462581089329848740523387013095121479e-02,5.60473480333038665465390853654040697870737336042254355468180353942854163730356568372330178675270e-02
3,1,1/10,2/10,Cq,-1.93203400422060031494450166743032691437883351653296905994168308892132754603713944573126564148117e-02,5.75702875009898797980552740796103524202309780694001034513134526576626038859783529141852601890037e-02
3,2,2/10,3/10,Cq,-1.66473972200570093804679787994792602282255565085332925166513183859393384319157568152779799563294e-02,6.04560073350848216110100204683814175680385226681018390013767715623651337554357408331800577746869e-02
3,3,3/10,4/10,Cq,-1.60152659551607327385772294534611235490611630653976970340018201371094408770384147679419778919053e-02,6.57266440629551668451289070609810702938229915294064710737199445528350538588394097219733662282522e-02
3,4,4/10,5/10,Cq,-1.80365242638992526669459838423263896118160005415036260931968308554120850903718743244180481644401e-02,7.09290496827346883218431294296199224694658416136630921230389502196124412977129093300690907825659e-02
3,5,5/10,6/10,Cq,-2.49579397133173369321242502580997661172485077007804954349240409766974624186781585110426280260000e-02,7.33642973751869669927643848196851701612345925456805108033526999152800020742352762228104322769482e-02
3,6,6/10,7/10,Cq,-4.04311210325122729192046857773219989133192766036772106519118426789157602564685271437976808562754e-02,6.96695275481737001014277671535178280203107001674522335116592482641779421256574032520607259301373e-02
3,7,7/10,8/10,Cq,-6.96176032774804437740793965004473017845008004335142629225389230539008737047924650359166476798541e-02,5.52162383550773943601884815414207335700963962362141850893329249506425571242073159986390027583603e-02
3,8,8/10,9/10,Cq,-1.19683935117859077477704452950120017275390320608326088117828984718352098094988215932681078097091e-01,2.38826351024215275211846688373397824639848634703197771506493488285346445813012437165475507051601e-02
3,9,9/10,10/10,Cq,-2.00633030805214509141607337612193527168478441053101080943826070318880695273378205201394112524154e-01,-3.21367740790772418674472607609698988525021344376818998033575726423642676034096382385538525442154e-02
4,0,0/10,1/10,C,8.75046651144968712060493843420742129609602675406888536827401475539624459352344410567348592613331e-02,8.75312208384123724823996381632650086955121054825820280145191736516628735661441544512009535330341e-02
4,1,1/10,2/10,C,8.31831143850070958371855354261466456796997133667364157722781732040094392031521999683455054562077e-02,8.32531074617712932056734473253928546282443618681076031437375127240373326341319295141465356083513e-02
4,2,2/10,3/10,C,7.43502498594520326771668865718083607056028183261008688339582891607665004278410299210289965417233e-02,7.44661210934251434628274580226708245000454194746619443094699185821679215529854207806092965790580e-02
4,3,3/10,4/10,C,6.05790896924317511733711120065932117820504584284883325620675379684080318508939625993951423033913e-02,6.07450834870347915931381169151403452287445159052458039142252992653761679056328701305244618024051e-02
4,4,4/10,5/10,C,4.12149905736253716024702313998603694288596758817695543934184920214209707816741069338313606279109e-02,4.14398224563469051980285839982402962795850606953847858229953709268593062091261289744802527881868e-02
4,5,5/10,6/10,C,1.53592840476331940379061570447509853134648166546149696924371462706071341198589997063853032301546e-02,1.56530245288262046477215833187063237836533106987796960269694919768392590766752737518771472423109e-02
4,6,6/10,7/10,C,-1.81605576553485273269445388937017060642968758205354940426097515462183399528505257241988386337134e-02,-1.77836336872682711545774680144103363968318522709311778812779132052499192380421598393675567198198e-02
4,7,7/10,8/10,C,-6.08320671840388752865224623983713416914622558607977626597601713121827597835889310239320443080756e-02,-6.03525356490337586121690985699916061488378507619019018616428417917317608742378371204362405713565e-02
4,8,8/10,9/10,C,-1.14515073423149201668441450009126449670240185439919302162229834008099924453106329589147170929245e-01,-1.13907497238377320099753836054176101915261193298942916818632820158987781089902726894969214141035e-01
4,9,9/10,10/10,C,-1.81529370846180348762393804610146045127800826804215604234113672462728624654489625092562486043148e-01,-1.80758915243360450210246412853557220710031570992252930931494149937918104252407760418681551717379e-01
4,0,0/10,1/10,Cq,-2.53310649477913059420697812412412460010933490191145380481561957837338630620487506721758522083047e-02,5.80290871315241324331191754379165280116223459824992389800024406223531327325085711907955993688043e-02
4,1,1/10,2/10,Cq,-2.34972465137402251773263838647962547153704544354494331478468871009940819809197662314106851854620e-02,5.96947609465086393835700194009634216606625678813647491101090964322473510053036777494736064058575e-02
4,2,2/10,3/10,Cq,-2.03047500463904265538319587621389270366657634640607258390780634977534045920798201003497959364628e-02,6.26253065301668162740137065708839269596586619012930917528571989180807913233873850008507249481546e-02
4,3,3/10,4/10,Cq,-1.85638815884284548098650753716413744505954610408265399400048986021288043943683308469071332855564e-02,6.77495095779428607818145276673298274774436507027080733565941725535682651047658264838903475210072e-02
4,4,4/10,5/10,Cq,-1.99682146711065575715228699949270762902323629749541014991196100482523361085053546825179496385917e-02,7.36603848507342927682819865917530005165777716990950428017335993307626110816107320677215021791671e-02
4,5,5/10,6/10,Cq,-2.62367224418674529429833452246622676588620818691638112684370798930270390727601825599194355614024e-02,7.69604436152318766843631872371968160247848005459567931922873670357807187042832679873730723060321e-02
4,6,6/10,7/10,Cq,-4.11308044849340891133139466934965094759645472788731036510380538095346637065066238612233000392826e-02,7.41425301858479842917738781383172377034158879601988902789936608563966248396816457136734522410800e-02
4,7,7/10,8/10,Cq,-7.02471464512149935999822654780748628028361819616383105585485738810941710151600466897403934742791e-02,6.00445807379619765195182382153795108783368284806904022913621168824220380879161843394490314886304e-02
4,8,8/10,9/10,Cq,-1.21642900532274427723598165630545053144296788516143136924144099332581454751389821515662104006724e-01,2.75783681651470479006028510123583196765928003628035990826651520812051442348365479576431426333114e-02
4,9,9/10,10/10,Cq,-2.06992619850698251428475719942256095360604187207673881413742179876167492204999792102931184758931e-01,-3.25515420531578532790029042162020095345216255445618542761205407041845444952131610076595018711017e-02
5,0,0/10,1/10,C,8.85069423769120972201340931853243886871597391807250779326138655713100421619967941698150686240041e-02,8.85349153731444037436020131037977108626139922697677900318254346793186206714463058553468338657656e-02
5,1,1/10,2/10,C,8.42990692055709138084529951091831971523648441594407514457360817220114537657945671222337173157296e-02,8.43730853951299530442339473461573885501121796268256771805127680774127343209216106518059696390613e-02
5,2,2/10,3/10,C,7.56674183470182000576010504435519991345224406816640988019713854347283659925956446530895739496363e-02,7.57902930664144848891982290668558003103863718449309459302582396998124292168147106154493281407779e-02
5,3,3/10,4/10,C,6.21256916133494060148633732204463672905372442474407814413963861551536020204340184970691323002848e-02,6.23024242080962713012254650453411149932028473872626719094327683606578911405842891313394456145615e-02
5,4,4/10,5/10,C,4.29192418980369849068198422170927506970240496159609612142502138507997957785875798862336543014648e-02,4.31598405314172180412891621804834529484991495773463145703798965608060369993413174377266386010132e-02
5,5,5/10,6/10,C,1.69931246920296850951224328839822266312847184914164611742420319100823648615541576457462608281821e-02,1.73109107070860172261403851817005710237090989587763470685855598919202327373145676832291633534713e-02
5,6,6/10,7/10,C,-1.70588118798887083021847012909391500942133771308164206404101505411797243171614872133574475780127e-02,-1.66457984066023908899805058612549051048884296837839669573395604201246428101651669442312493757508e-02
5,7,7/10,8/10,C,-6.10701125474930273103378245811131586410440085372224760929798709569789052132759283197938729280468e-02,-6.05357204744754531832889799956709044788985649774426890136352472661905024501183927675481088306571e-02
5,8,8/10,9/10,C,-1.17405846558906443355051244478332217486104030490245770521244803664721320869063701987346786800977e-01,-1.16715279101947009767978338898762127053034274339714494916154564989373782301014182001865786957329e-01
5,9,9/10,10/10,C,-1.89121507093899450548775387934572672129992614742778985446275799350490456014040542367917001595204e-01,-1.88224003755525297811305220560282302167149193552090062624988477366628551150582319073249686749176e-01
5,0,0/10,1/10,Cq,-2.98166615077065892338513517372144000547391895246729375060938672198077261306774390638787404179517e-02,6.01482018117910884279557269380859494862085061547861193594530778153314405438667144038462416105117e-02
5,1,1/10,2/10,Cq,-2.78758733424872326563754815024021281733318227353896348954223650410313013181106811179088320267712e-02,6.19581632040945840121929583246102212371215507958135373012643186911327623386935686837666870203711e-02
5,2,2/10,3/10,Cq,-2.43401699468116984305295122193785993382839961051151483651304178661366096170554109390566565957342e-02,6.50916337814402525201782760452662892688657254548048275823681585122980572846582008822979186872931e-02
5,3,3/10,4/10,Cq,-2.13253055430382538428459053422882029624367121670731732601708108714677665610200119888945492100616e-02,6.99980681452916527760294693147935739147426308333254832132576660925951132324960995840630759202567e-02
5,4,4/10,5/10,Cq,-2.20287026033064098166277595721447005293565053219431013109936391169488153737170344446807888323618e-02,7.64060272196431822590824436263829447543380113280349148821984754216181369539542646089639692271359e-02
5,5,5/10,6/10,Cq,-2.75767746876052252677669846640672495655623677085660064463075923531031434416259686533701093395822e-02,8.06622106476577646535743737159435407352400748030594753122532751229816511560485161522815634089840e-02
5,6,6/10,7/10,Cq,-4.18215916620194820465730053525358761400641352187328383040999391912380730993540623612336293485265e-02,7.87267222475244826483540786561265323783693192387386793079375934662088476461081901704560434654750e-02
5,7,7/10,8/10,Cq,-7.07789342883188444204316048773694928044677270291524508478671028072910976284263397136706957390261e-02,6.50467450470071233377804889187875857364219082684599436557930345621126847451766459076598969399614e-02
5,8,8/10,9/10,Cq,-1.23507228949003205232240595996274237950318024373982144049482999464747361759671725003143790479841e-01,3.14741838657874246661475583807879293274131388177330667236804213564214172007635098579439635232755e-02
5,9,9/10,10/10,Cq,-2.13477732222197915721634165711059674418087870316949599001058877905943559622265304930825181085725e-01,-3.29648583523689517086346750395786221040376317634090747223342878757400234516179534274095995403233e-02
6,0,0/10,1/10,C,8.94364274403042945191276505441412228938655534978311184234718490071589443171546725469427651260394e-02,8.94659585503777823809205022234735640826674239073438249597550227618680891024570250937227853461594e-02
6,1,1/10,2/10,C,8.53497970824746173237834000438074759888960165322762938868579401835066460391525978134377926952647e-02,8.54283629566080059748073390508946849940044152180083676298850318721706245617291751895087902715378e-02
6,2,2/10,3/10,C,7.69358436343280797251312331460520214526440700733550923543112718286899576183380716740003591884581e-02,7.70672180072275029195985129957093327753994805026096543519544426632730725639378050684055245606099e-02
6,3,3/10,4/10,C,6.36512563697990488581012319505390278172824459757076602142858605519920287407282154233174644046153e-02,6.38407970366060136256721814670976609765017190728370885410744092548504280085427203360919830672184e-02
6,4,4/10,5/10,C,4.46425477935785578786275180000377124809369819750860883852422711522497092542260234318882556231801e-02,4.49015414351639539408263244743157728678540953087715767213872058484368204589213816464082056982118e-02
6,5,5/10,6/10,C,1.86962713372342111665663571417355388830537626352131391040332220766192501512084028282555750715844e-02,1.90420855982254854858424074340789381947100350495847379186206143010577793890620093201207556530587e-02
6,6,6/10,7/10,C,-1.58387334335588291330201619457835896940038023258943400401001282842873866691437924391706698226469e-02,-1.53830505440612006383444557875349214786300965338344439975739054235150592919284105295219657979279e-02
6,7,7/10,8/10,C,-6.11702267763238387224141422230195476551987391225179943815845447446943602126268406454864883098384e-02,-6.05706215186626754918284023755253389644593038361793726905903317410778544530271968645407961007330e-02
6,8,8/10,9/10,C,-1.20232607358751542213017263764246479966018385170897960690064526072542014519295418376684200208845e-01,-1.19441610524718961701846502639760551463447547107383479123293046073957922681221499006850506320731e-01
6,9,9/10,10/10,C,-1.96945180246236519488955114336691462421234791421603518670333951243881570242687261139453175696190e-01,-1.95892920474323036611075661284524661081087425073589361515812066892855853275579618841937308283002e-01
6,0,0/10,1/10,Cq,-3.44940217051373015656979205978916200671344216721309758884574152001848124510546737373027086957745e-02,6.24149262619406041289999130525579215725720975270957900649513436573500084877521568079239216102905e-02
6,1,1/10,2/10,Cq,-3.24559032771269753172550295169502621446464307584068616020631827549384819523358186247049695269898e-02,6.43648945227807082349082032210061286149143976896874299693057527974997865843050084663715968680164e-02
6,2,2/10,3/10,Cq,-2.86409426844311848622650904020471620885038288831375071333137041793555988231608312099820164487436e-02,6.77407734131998938687239917394475051070730604339183822749928461101851341488254529568715398627748e-02
6,3,3/10,4/10,Cq,-2.46415047414078570625824658963877427378379612240128649271257136654899741147409211495771574063978e-02,7.26155265851202405325871187893862995565288266479180670090502159591273698632568334114698296869237e-02
6,4,4/10,5/10,Cq,-2.43098580544457050886620254533837178481662159464797530078605575774857667921187173341767816593259e-02,7.92355505772788347900229004261985425142349400233441293544560584934724503120919668595449444465507e-02
6,5,5/10,6/10,Cq,-2.90528848929150131007386953709647193506405579759588507868775002795463336382029244989226440724169e-02,8.43787739748322422499695443869809647561942549693911843198748810275428905421589622878979976054559e-02
6,6,6/10,7/10,Cq,-4.25368272851426343793187393823768341572349345162956766005733236808521059802898566005907951536241e-02,8.34765316470410117304061497208119634665299501433670866407293238511384550675744523427250720299091e-02
6,7,7/10,8/10,Cq,-7.12245774118008237590957467653506210321683887898286219036183013516944951421132758845161887870550e-02,7.03887226597342883853931091345772183128666585187068065577696720921961330951461729621968403537623e-02
6,8,8/10,9/10,Cq,-1.25250088489589714298589342044665284866322623650223664435126800806598040104351600229903370563328e-01,3.58533591184223560935856015198504417608392709733149484023417165050505401407646301281426840830052e-02
6,9,9/10,10/10,Cq,-2.20349838420640963736240811477386570472080073386487422760819556208844126440461245691574386454918e-01,-3.33267733401730291036083562333825371245304293492720123780576455883458576497172481665354033297052e-02
7,0,0/10,1/10,C,9.02919449203287961584019820456154636779342195418279670349996226864769366475166904209071696390144e-02,9.03230750997450629706426225764871171933368337061889652219776736105044839659860482866147458164313e-02
7,1,1/10,2/10,C,8.63336917188240781922204128752642118241841668177547712922059261656039874721356020809891519588667e-02,8.64171810088178138223545818962837341728523491815248632761071349041945550567352679419265497738088e-02
7,2,2/10,3/10,C,7.81530261945213116814288642263356265188815160669849868870001737072437624522314888583932899789973e-02,7.82939102870980700968012758015394401857058188757716472743503569580983000554938469749472356787665e-02
7,3,3/10,4/10,C,6.51527923199467841053304170765912884538753032942550293809700498305123009743076083968889254465497e-02,6.53563747110782587103609872303501276243658057728860855113407636007181422436911202846333630838106e-02
7,4,4/10,5/10,C,4.63819440811844149529317976831123306539283352615974404349709014575951544837882632559330371535610e-02,4.66609966726754140598114804996162480430219248342240328589482256046572710865181776505824148510588e-02
7,5,5/10,6/10,C,2.04676614547130957359090205486373829744125097723025648928381999344276562455547944790826926792313e-02,2.08435519091605918795854935855364834570430708214900702285026540860269527928770366887523539177783e-02
7,6,6/10,7/10,C,-1.44965708816756882074038303300363898139154127783349633210528942509081002392102628428730405885821e-02,-1.39948953306156975854388474868089360803222203052451261090317080148526097562262737917281398169049e-02
7,7,7/10,8/10,C,-6.11219494027081640803104684257158320324420392165110880157955851722068605152550940959013170027424e-02,-6.04514179030188155074868525422348869587026292815720985656696937410239809980257756432983033304141e-02
7,8,8/10,9/10,C,-1.22981278675999962814909414837049837028996920837825222753192286284551985648919359765359547359593e-01,-1.22077897137701923097637899275555584853409475294986002349260348468671022068046739391948875739263e-01
7,9,9/10,10/10,C,-2.05002703464116622437000386434335616933657971644500035702227440385204366242569731886104013888687e-01,-2.03770295474958850005488251498460225517649017860899940243535821090658310788589742182166404013185e-01
7,0,0/10,1/10,Cq,-3.93663449936209376955532195726540627649194550127216003183844296744987563492314335939299243857083e-02,6.48390644359980543881724251663708941410007254570533956241638815702221206532922305765548647050579e-02
7,1,1/10,2/10,Cq,-3.72407199978645479447519078992131771537829705504508154923697077361775746093164804251503505367579e-02,6.69240972210320231021575657869378954056036335165967223183599988588715180692372467427559569170253e-02
7,2,2/10,3/10,Cq,-3.32119019943023677775418837958996021395944704095108325467113089952303583435387038383973714494421e-02,7.05803161650832342150471717643925821016941617149751782622457935439316639151086241040362090330488e-02
7,3,3/10,4/10,Cq,-2.85816428011609408813300469167988572651633237013318705924623304868612757348270851604016273747918e-02,7.56661156956659899176805629869199110869399648289351974622382364566914428447180152324977613195216e-02
7,4,4/10,5/10,Cq,-2.67836376208403861561970089602941644790628689998138795247615666190202686964496562004083079644680e-02,8.21622294172584946427100920182648961318843739969961845822403978212758359078635240618634156168166e-02
7,5,5/10,6/10,Cq,-3.06575373129433243504024350313429980820129681705944961775580400529308046367238095714836730231879e-02,8.81445365301083158304751111807836373168272244190541173700487345788013443058571968264287357749013e-02
7,6,6/10,7/10,Cq,-4.33755575581074075906068369578194664147989164227766480319257172993984236202479934237979731473755e-02,8.82828600002809376015481141444160217960544471835561282173269836086599090569342143288667875956700e-02
7,7,7/10,8/10,Cq,-7.17366362965969469922801016220076742199275719413431768428787973037962336555582349362656079863706e-02,7.59255772602694907341597689342400665396244970312942215780832892098681100090724831526472476891571e-02
7,8,8/10,9/10,Cq,-1.26972226897432056302011604041654200527505212343675008157607285364922520744847866377282294434161e-01,4.06831090432612837589594736161916329209000430698438321627050114968618510953947257030350952815260e-02
7,9,9/10,10/10,Cq,-2.27429980637001315687866050340136460149230321783487181308213368304881740399165762136001663031094e-01,-3.32973287638077272865454814903914240555283536074425695778331166455700502955342784610634596316597e-02
8,0,0/10,1/10,C,9.10724690838024473970270542102470004912340368159161157058951070771980457002439070393751928021827e-02,9.11052477967689086564953664657496565505481490222841389999924553079299422651833308036824877724334e-02
8,1,1/10,2/10,C,8.72491320162507159756748015428095139379924690089137053458421441751556677927819595823179541951509e-02,8.73381291121796240659110960481794791516254037756122158238390340978419981976122135638158424591708e-02
8,2,2/10,3/10,C,7.93170664834109816675398886505936008639969054848577328647326975015238218352807016588487129800424e-02,7.94678677753697745652410254115936950048101978958520770134443439876840301039212160583833848372821e-02
8,3,3/10,4/10,C,6.66273200638043334003139405855570182869891374369412036726836274676066152018758278152546466339663e-02,6.68458827737375726434885971610686500707956054264804946899632173470528304083843059042540830715953e-02
8,4,4/10,5/10,C,4.81341770049832056997357024104167168648847286549884514625535696785754334226882743967236640864536e-02,4.84346450853259358747621145344611451089877871004415977590549210711860221979717773970993702997771e-02
8,5,5/10,6/10,C,2.23051917274338960567063361576559526718729943713096293082874030011064704590903624117726102843554e-02,2.27128964909279925039946004576384493545833366276727436856576340189913132205310582884582090300187e-02
8,6,6/10,7/10,C,-1.30310757314953966870097024892238667199647892652303964688566618982343714613511790344552590938935e-02,-1.24801676537309503242946720068912294778728948559189096409344138204028958972912788148383489042439e-02
8,7,7/10,8/10,C,-6.09185158130699605073535396108225145648547502336212189208364724624712622301078339121925037772235e-02,-6.01706529158685609175976726565908841220557562162986023263158472610616912590356586382402824563563e-02
8,8,8/10,9/10,C,-1.25641508837663088191826621652838961891656206623063111239780285781895490211538519983737813979238e-01,-1.24612360278032641637120061635867170392668108287458928777526869387779595888406840168095553255088e-01
8,9,9/10,10/10,C,-2.13301227751460806244874430790714669321195626600960865063434318864945177435234597956974300877115e-01,-2.11859698090592013023982338067804155309413446226790532593464882982807502862735700772114197583411e-01
8,0,0/10,1/10,Cq,-4.44368207307138658530056423844863731719432149034111075781060216010054135394441741689554991158250e-02,6.74305660530997298175553285147718263456357707896305093595752403011700067255985909735310453154656e-02
8,1,1/10,2/10,Cq,-4.22340103933508414233535451816709581613317633055628648910274117794296134961658142542683057927826e-02,6.96455727614813414040593347934878569786347060557984574843961169359974128858462018740974094088204e-02
8,2,2/10,3/10,Cq,-3.80085461035204886625220207699977275948844750292067761155827212533887946903542285016222039510210e-02,7.35717278692299105306306596837759894162327757293564623087113641906542954851359306498549197590177e-02
8,3,3/10,4/10,Cq,-3.28902106330195502056685494217921875221308733892237600554285456234346516022069432221158084258045e-02,7.89936322087181336257865778406823528378452003011627098014395827358261674398121665695392269388211e-02
8,4,4/10,5/10,Cq,-2.94091842776250860955354246353341865615007452920375933501363478388494645470452152400504048577009e-02,8.55070967508906698703658179905938306789847953494684240030859319453097257532606531542794604985509e-02
8,5,5/10,6/10,Cq,-3.25237424935310230523520686534016320652254667645841563316834237722477297078484596737528591662134e-02,9.20624440565087606931835958683051220272307312704714738111753278510259744934456410242008998483902e-02
8,6,6/10,7/10,Cq,-4.42224056621565269877789996998530688130449588996653431703405315256394782600928431520129995753617e-02,9.31393619501363010469683168674521241042419037709143793582418239371169810885033263912436449664872e-02
8,7,7/10,8/10,Cq,-7.22004148607078112817908591375985323214666426307318526696849382363324367428276464767972472075272e-02,8.15882769195188266662511810585774657410457839570069398924718801738208637928345833411751980180120e-02
8,8,8/10,9/10,Cq,-1.28768821089247943926807933781408531519033918682242836083423600047847082438536413737067428824541e-01,4.57685987798811438601268344816527910213368378346807224804240459835391012066788178198409649249032e-02
8,9,9/10,10/10,Cq,-2.35187316423721698942864460937869149099293454697185821715274605031969507170699483286117698025640e-01,-3.29774454730774575440956712817359326392924380210763716790378095583536543205296305883350040769346e-02
9,0,0/10,1/10,C,9.17771465493018299207024462181328646494314468993904822524123779703681391041375229490757448485557e-02,9.18117717744937299876942180157700741206802204845929509094790935367522805106548978578254307140018e-02
9,1,1/10,2/10,C,8.80949011986120457995087383515793514302883863661443649014662585627871114934592238087347353651450e-02,8.81897973336020503045673634251053414477838744479638781296310371643315723563658447195567556153245e-02
9,2,2/10,3/10,C,8.04256466628855376468839133762009172132853016401779325997794415157887728960066191018717505327699e-02,8.05868943565741746004710108532987194642164065680810916863555098124648618051772775023133754473812e-02
9,3,3/10,4/10,C,6.80715618408221616982576871457957191871052404929425714282150256453883511055189390848399831751104e-02,6.83061014562533515089210962312916701265109072795270489165709833201606864165918937505871922450680e-02
9,4,4/10,5/10,C,4.98957440838122664714581630664236067186276394618446406532645725470884751445567622660912283473870e-02,5.02188256253745432988164545149236462876269299115102206460184095415761232218148371241392520814389e-02
9,5,5/10,6/10,C,2.42061161601751448542910223011239360984647003592855994171089411510706563932336546386431606900253e-02,2.46475395456733460915400470112502904512239907050854703282021192499745282739277756347399833475602e-02
9,6,6/10,7/10,C,-1.14416861558500564509583813513005290955313563633325857259144301801451341354654272065662712774995e-02,-1.08378070567347545003433381384273277444183153528693355112458998862859072511401649953844148711458e-02
9,7,7/10,8/10,C,-6.05532603966466557084624815824236137227116829609799581736644773353910109560881787112467739805654e-02,-5.97207589291704400289735498546411796970918661212874188157491974853078878517806333667747616430052e-02
9,8,8/10,9/10,C,-1.28202162102595991663872035640371205292649487953860072092905518397233536934944286390629706751581e-01,-1.27032578049851545142213701895400858079890615046848713829119714975277602167236679620768907265745e-01
9,9,9/10,10/10,C,-2.21847463518816799533417356141876987932110348094000729756344535855203914122882932721162877871958e-01,-2.20163778495995087540465882690710106306201337652570077222358150855393705601508497882566875672294e-01
9,0,0/10,1/10,Cq,-4.97087169244026760119413052120666217410753456123908110665329819873569996395053313851547930722337e-02,7.01993926068167400512274560068814014911599148306582189287810474465440297850541139927587812949460e-02
9,1,1/10,2/10,Cq,-4.74393375538189069966327157520619417668237635700265761410719105437320576959918460360761694208412e-02,7.25386897420457404634661380415521955852758621425270395949627307575498586778910287525303682908481e-02
9,2,2/10,3/10,Cq,-4.30347269413353622098515612988520034170741625781896355994283130111646114231759526755678768101785e-02,7.67230419717355506218356793139457820533612565906930971527124734729250040798787786622632841172912e-02
9,3,3/10,4/10,Cq,-3.74507112275419860681645186722054553345086583327867204203527918669460523760030163568386642575534e-02,8.24784759667385768824104228833466119958761809855346128160768830873527073688734090556638262108731e-02
9,4,4/10,5/10,Cq,-3.29719827734145810001168628899410719111286722337080374635144108311024919881761883386606343266881e-02,8.91262147583165686525835736325716121904217699206242310918269523744443780306696885607825111347063e-02
9,5,5/10,6/10,Cq,-3.45203848649664732200622592487753343832198478337058347606825975698842209350032130006322856288664e-02,9.60447856173047972148126976269129607928745963135307695966290439255206715208988623773443733588826e-02
9,6,6/10,7/10,Cq,-4.53203711231133399782426042045611477203707415351563083087305957301706385663913513256559422940324e-02,9.82421327196915484885913335004174093882605394574078376702063363476952210787334814019130976509450e-02
9,7,7/10,8/10,Cq,-7.25534965480452969174552505474112667250070100663402529119798434236524263833950531612602625896556e-02,8.73716147505562935951761802637252373836733229735908624014164269806587964369923162406360510781383e-02
9,8,8/10,9/10,Cq,-1.30379418647978265428167235827395500761621276649079421547082097581093699824497609893200000202756e-01,5.10668559547950093485372370742619670259216122701743224901082591953800828987451847528112481616220e-02
9,9,9/10,10/10,Cq,-2.43127130610217821867281989197216033719574986339773062261064127377813644995009035139323281041929e-01,-3.26564430338550675423116960870095354835792629175827594282169867934546840012432047397201307483408e-02
10,0,0/10,1/10,C,9.24053606954524957896648922149546079340435694805635438122117414408164344336480466345448502208582e-02,9.24419713501120377212405812522342638542444704669819629467110862086876369544352555665331536178320e-02
10,1,1/10,2/10,C,8.88699136087488479206172199805360591396829275585661160770229564197170802150319182585794810671749e-02,8.89710460553453369817844762512879138147151027218287061039638270202094421759496084852966070896689e-02
10,2,2/10,3/10,C,8.14767544357323301622504811358282686416364003149697853596336730341447276407292738393877461271610e-02,8.16488797538246439104666884949707341420385317930392454140882519483950640884623019840133818092628e-02
10,3,3/10,4/10,C,6.94821699516777023805317114616920750544219658257442083897323855936258413632770084074988471401221e-02,6.97337536539374420166165793623768848440270344274345794511747069064993174821025243309488351552079e-02
10,4,4/10,5/10,C,5.16626353867119115658781515045128839281410974931437202199469468860335416854088604245636978676367e-02,5.20103691477888261724449407317450425600995475786046336660348098430617700826945676239657555795512e-02
10,5,5/10,6/10,C,2.61669721590123217318214982610334144806276199402855109876666752318268077478275167827661721991430e-02,2.66443439159372179918399497945549723249346618985190493465606928499519172798724091084747381984273e-02
10,6,6/10,7/10,C,-9.72811387097230663914168555329704795210506337255284230981499099160029196940061784011601825107886e-03,-9.06712584093518554070221254767303792795257864253451919898309732252587522261148788284236879262365e-03
10,7,7/10,8/10,C,-6.00200014145793096159287263997778536916593468235208836138916365869009205765027018959132343494326e-02,-5.90945102936621635281797758225535099247300631915120046585862719218273387516658782151481974355156e-02
10,8,8/10,9/10,C,-1.30651886017160370880476972664556269576123191571559289092328754140941624511189664212998300516617e-01,-1.29325795802363995139336559604623813936016343066555245115064690813013776566401185452285166118861e-01
10,9,9/10,10/10,C,-2.30648843741980216875943170323442885647832145362282675227270053536650140787776121462451487117566e-01,-2.28685309903568371598186483505731573337579958584444975829521352241480608331847667186196351076127e-01
10,0,0/10,1/10,Cq,-5.51843976998048023955253507090722485285610410915973785246990674335841751355255609079634075514570e-02,7.31560824142537845210878667901309248512617902140210477741491350353643839770037130803835231840486e-02
10,1,1/10,2/10,Cq,-5.28588656373831485468265011820533926344181164963229162621464010716578932540341514894001385861434e-02,7.56118986132691751537195300959823528644876600557324022241296843774371389764132386620046968495238e-02
10,2,2/10,3/10,Cq,-4.83000645719943258146366414228079659915675017418537330924525148633577560259700928419812817276535e-02,8.00486072816344023247852726618622106653482588760868052188547145530149929597004720044092074125454e-02
10,3,3/10,4/10,Cq,-4.22500207046999947167818865869352543086694518829235358140320722568368771601984757511409335788636e-02,8.60994423326747625343556479973198050269168608272429471343453912563269272505532919630998033400475e-02
10,4,4/10,5/10,Cq,-3.70214729904054642366037939734301166376623229916334783144269328326248319833831225179446198040903e-02,9.31917668246877981401970043712822998156175759097883218902379894999416077287787660861811187909702e-02
10,5,5/10,6/10,Cq,-3.66088383482271929560731862312183055967191062289413533971627450308838113026563941083668751425848e-02,1.00176754774089495473512028959867088910240936605402923427480499177056949919205622361872432466823e-01
10,6,6/10,7/10,Cq,-4.66241856085406391030895573161954889214222717190957111812632451712938664303706841595646346255700e-02,1.03562207299681079479253449003862306962470128664218580058595541297839852139141557634076801098734e-01
10,7,7/10,8/10,Cq,-7.31540731760722202314413688326749645608560753308856372193462329419672961105469587856250606192085e-02,9.35979163547482495924267965727099512747288288594731958350356753644119111482824617029239948856732e-02
10,8,8/10,9/10,Cq,-1.31854708217705530475754298568180325978159974570343806147815385005695912965013916289236077479991e-01,5.66506373205164481388603890884785944946715024799118773494133594297034805227788909774911909774271e-02
10,9,9/10,10/10,Cq,-2.51260524965515155529556110309957191574279048577656005192548265390804217764599819915083471825172e-01,-3.23341474040579894479102175522635244453656235200624264338072237470595548035191068077554641656885e-02
11,0,0/10,1/10,C,9.29567651593197388590156426237101158669580989873359320425013667252068298518828358328751497560018e-02,9.29954418098769519697878555980604803021460123602911399382501789516899675805786582899250922677348e-02
11,1,1/10,2/10,C,8.95732545548996476045064381449880174825521582584050933708103261539792409569115879168916554168422e-02,8.96808472354983753628459606968602870492566881498670026922728025991373449983976143310850249593966e-02
11,2,2/10,3/10,C,8.24683960036653437380269454784251779543040992696636648001201519448029223666904570521927024833375e-02,8.26518512198691371132931590052510153207806273061044632226046909202582055469804991226057842689477e-02
11,3,3/10,4/10,C,7.08563035652746809173120302525005190651724187033045470985903266611264559983081558398229395616990e-02,7.11256218211951122191847599482996375167009575648605964014949238041397678303079992479833631357478e-02
11,4,4/10,5/10,C,5.34308880792897347981761386190541888475207066238512189098652174716988612171432837764882230213272e-02,5.38045970109960385671434450038551166144569460748425680424593731899578348040578089311287290773759e-02
11,5,5/10,6/10,C,2.81845306737715906107090693655361635462768255538255847058743516184696309655189277659058461399130e-02,2.86998197471685210762808113528073604998753395967677482522358555326727919983957087633436552240167e-02
11,6,6/10,7/10,C,-7.89023379629683962223323056140006789149002541417726407161957162773674239883708158955960629053801e-03,-7.16890648133321929947617201248618541118749756722305387822275512894484997944316178680007207487920e-03
11,7,7/10,8/10,C,-5.93124912887706942804063683847278529093375689681382815485920136473745436656470241813844207058914e-02,-5.82844787656445144963802680068384402924057347331383490679537146257369926483109487698109643236409e-02
11,8,8/10,9/10,C,-1.32980871378808697368794410623546229783803326179823850581544961497096187335023940824996025139415e-01,-1.31477286404674618431751288461518191202811865865600817857157579479846296972581814388706252367503e-01
11,9,9/10,10/10,C,-2.39714040562150834066203494553605113252934537266703060338980483761065956287035138899877970841458e-01,-2.37426341075692878846749582456769038379271413625317600314137275691190948877397051737620678429121e-01
11,0,0/10,1/10,Cq,-6.08661951924263881143427792944718985399513532483861159786187576161575120396538973746194460359143e-02,7.63087528051049585705867790352105911329881798412005273355197349224042525098230567954811884882260e-02
11,1,1/10,2/10,Cq,-5.84949261346646617112343807651324786012277256231865058689405895398047286947841688519386095854376e-02,7.88738154087914604575206224736270310661612349538220593388437974580479791846473204509329067339497e-02
11,2,2/10,3/10,Cq,-5.38029230555474153704039367927449137560632597252606729446632260444709067271016432749595936689037e-02,8.35516346885189534714021501602134339777316411140326429266178235191535975200699401170728087305801e-02
11,3,3/10,4/10,Cq,-4.73340449623013678728614589384486004035765658639484816066200477838569228001427195913485495206954e-02,8.99070948091632065597889948234273029961271457415834812845143081313208379486636610493208017903722e-02
11,4,4/10,5/10,Cq,-4.14473524878229555329950468724586896696146149360621408279648979687921808237274264409655636799919e-02,9.75629487085158363865917650168928961439494596253260338550976610876121599433502535904309751335566e-02
11,5,5/10,6/10,Cq,-3.90138715508937398844469412815952959235354607391496746335786492590651130443908680273582900641017e-02,1.04901543187526448985633114562609085444161690516892407882876096976143095916050594920255112728940e-01
11,6,6/10,7/10,Cq,-4.79489413625079286175743104831915936823721325242832539666165042691186444344214561696506062343512e-02,1.08900506062529274202027560402915364012015431081758918929479863630223903453060185758982779967162e-01
11,7,7/10,8/10,Cq,-7.40059159771320462780647478393783728629795923298550053517829442310608835415524460049020724839846e-02,1.00284948456784233047725391910406112296976241855441943455661172746814467427730995788263647565573e-01
11,8,8/10,9/10,Cq,-1.33682540624655952533586134220509216072131184743345383750802844142434061271163023985554584955564e-01,6.29765859208593988823593800417590212091916969974704456579502898097717425826080960260047497589100e-02
11,9,9/10,10/10,Cq,-2.59816611851330862127954041528898640184113956051581268713280300437884452764976065348137611848295e-01,-3.17319318696413559292316648927631396404865119972822260000656341012704006403420432538082267399082e-02
12,0,0/10,1/10,C,9.34311762051708398128415118790519571891740216251219919917737404558124269463063051220508139717493e-02,9.34719970969095211523423723692464768864480998297661756562323132152757010820649408519805253877856e-02
12,1,1/10,2/10,C,9.02041814577603401951613987679132474143035999602449895858917840816658906552919418213247455871195e-02,9.03184266610347876747018615163223030451036571204693849704227626641850977191184903855036724275081e-02
12,2,2/10,3/10,C,8.33987076721514960546207029133307024986318126207859789939152338079510631193458855332574715984894e-02,8.35940318189955179700494087052521970142778914006314353960715254362664543154806864426893051995524e-02
12,3,3/10,4/10,C,7.21908238529755491094984618058515237083336851256414461065756758433135139760791260285754827781523e-02,7.24786451302010495435734043806433365018819909997361905421459648482608622372903417758362395785521e-02
12,4,4/10,5/10,C,5.51965027224774439490535882173516815896280148190484871769949753847846336072114347022008108979920e-02,5.55973534820605416196609838943491230477047292914884070956983926545046909319941282993466384647845e-02
12,5,5/10,6/10,C,3.02550558902734635133918664692657937584607633366545935798195282564759296468877165835426009650002e-02,3.08103869255429372089091752262752521200453275622423677616885542206896870693188518097917569223774e-02
12,6,6/10,7/10,C,-5.92922916139696997932019354868196217682462756137896536392286974683546260148206389974853282029865e-03,-5.14359344206057273039753982943823135412656199515752732314969551370672296694940764765631790554762e-03
12,7,7/10,8/10,C,-5.84239385181002207805724380599153725016722784941651932048988454489819810105397959896614683800397e-02,-5.72850212533967496371438461788312713778392997447271533949670601332614086664724675672961466578856e-02
12,8,8/10,9/10,C,-1.35176615418427727862061487791958722211763860693046593866292192308262302021560464359855269580379e-01,-1.33472327108488352857721363501997540649166477963648315559392561889354438730274537823947376272952e-01
12,9,9/10,10/10,C,-2.49055532384115615067196096017439217834856687318418620505282485540350889690087566137146750064850e-01,-2.46385355388197099564992122454323312094844439331421385094169579462480655257403475589656326310232e-01
12,0,0/10,1/10,Cq,-6.67561036702738181152647920252653977683218880315209793405932467660076723023269089423170344553648e-02,7.96659155790187378248388108957593229796087470271333933484364346545000125696995327070816749048264e-02
12,1,1/10,2/10,Cq,-6.43495321307379763801892889603362330448773187790453725752467302014131034603186246638907056981153e-02,8.23332759514723652002946407340018151798104664904364807217821264537442802578624538826563362249751e-02
12,2,2/10,3/10,Cq,-5.95446383698041958637801945940067505636439650173931619214364371233594051236027330420498117987783e-02,8.72401436887241646561611103814379090745969837019629544844149001551284824122431495926849025493660e-02
12,3,3/10,4/10,Cq,-5.27666381619424229321055243458219762192727825211153173936674600999413112559959255775629904333635e-02,9.39597482839394477906488651448773403484382919025313155793208937952017840684901834156281227685084e-02
12,4,4/10,5/10,Cq,-4.62890733716246797944670196562931287440202769792258146019036241488579686474971963684478129802758e-02,1.02198910915169076914929264444140658964144075974467483126354286417544915708572862962081141252431e-01
12,5,5/10,6/10,Cq,-4.27058738596144621979528752281655317095380716512597895972381646705293892464069003083622074138716e-02,1.09818289278204365506628198634955866405074346922488775038854387923996769244932826989461598535198e-01
12,6,6/10,7/10,Cq,-4.93013727655594496063038481636278986034820790093529044625886685407498538838773580954022039831332e-02,1.14273348410336738079499906125236050307072297372396327153785451151528044738118658165847782530300e-01
12,7,7/10,8/10,Cq,-7.47869202291109832278126338501369554101741063771222730443446200291508092126901136431435046670075e-02,1.07091274520928547512772953236455100964518534852035976529656751943346317471653158597624055123887e-01
12,8,8/10,9/10,Cq,-1.35782621348257364163709230205125325018225242086107127503497933076029711148204784884882205081195e-01,7.00333914325313009043838645132149189617505237346073376997655080188756253350830340973494555945627e-02
12,9,9/10,10/10,Cq,-2.69513007298835234371234661614342336726780838837790207186244276245659260224050782145954201473296e-01,-3.03256899861974167386212477114066089151998232806317529900014005803905525877014405413936256726510e-02
13,0,0/10,1/10,C,9.38286070251236416292318676661411479640202796687363124205448478286999147997861421615557756248561e-02,9.38716795565394416541654428769004465580685983554947116612732681765621501637573261971423791738106e-02
13,1,1/10,2/10,C,9.07621467029649385135396200715567793242488974572230893972572467981304746349374842385457868733040e-02,9.08832320851462483957460388382260716244411171536885490114100995166243984469814474467359874804595e-02
13,2,2/10,3/10,C,8.42661601062254257272636447221536450315998532723480274720523253316025974614898089430025237639924e-02,8.44739099618531452610501071814521237826240578989362156515046748795065909258609869157718766452362e-02
13,3,3/10,4/10,C,7.34825290045011736206745764363549176977769658673560192800826759917762547103341596503619022292627e-02,7.37898658698289525137972173164888691535036089674304269899461630198011751415974165415595664387995e-02
13,4,4/10,5/10,C,5.69547233192821283208622030758991289203546246031934576634246572736644904797798641676573952845751e-02,5.73845292991919156069866614837361319694634634482586640371757349964927043139273713410465022478918e-02
13,5,5/10,6/10,C,3.23743896759933205740391645648128944160527266312579725183741551460044149913845124415991451159884e-02,3.29728628562032064050895305308620064251451317102043057137875934576258411957333072821426950460940e-02
13,6,6/10,7/10,C,-3.84659760315481671639539128794881093984302404807775222981507281804848713054548980794563254852967e-03,-2.99217505623847817105259789862520946921286584404969833726896011217616537678119879067808507840124e-03
13,7,7/10,8/10,C,-5.73486895387905586658797474232619751806941488855833287060167234314802763292316039842107239121609e-02,-5.60901208730781888537696663126712844202589907719185456367849336777114579906511346498714936875374e-02
13,8,8/10,9/10,C,-1.37225636165040800064245606491991358744375096968160904404877530506781008379882679501935408345861e-01,-1.35297562591506009327393504209974492148334891642644190623373257314677260998842113064698548714524e-01
13,9,9/10,10/10,C,-2.58681355401328424887633820125103762749315051172962127398728429832919653282943183367894700055872e-01,-2.55564125920317036423839670678023264065444323942168305966527897773492189834543340583253749028278e-01
13,0,0/10,1/10,Cq,-7.28557882260422269886107590160133203414712971479186266046596288798980810377308276555967679950110e-02,8.32358418765661130228315493256741331275781825604478008081812434354345148113831526196634783223787e-02
13,1,1/10,2/10,Cq,-7.04242260355647890864564049621896924568040029541093281107884960011498555157181922202038540601452e-02,8.59979244412945926469166410665831935922355868069099968459848262800639969651540976800124821662508e-02
13,2,2/10,3/10,Cq,-6.55267585606111657626317997286319995914985609952657071926951082081526952570551731363079189047296e-02,9.11204077064787921544285382372036824381106713503464635681397013588482574266130631394812863732696e-02
13,3,3/10,4/10,Cq,-5.84993161709869419874469953311623956811617230721249673234651253721846826892436104417647706238118e-02,9.82229566638169038656918976829714564105126259871227952090754929196715643628187168408832887376901e-02
13,4,4/10,5/10,Cq,-5.14116862507077038458807513802243539434667202517464796956001615863505689611172330622686192081221e-02,1.06987052094308454028675258792809002072234061018437671407262764167930212779452222272054933987713e-01
13,5,5/10,6/10,Cq,-4.67507182333457096165365374381294112574949875746407608206232647808623025530683012784666685422580e-02,1.15278012264642328818546937487899319106620572655790833951006352101550170240479220868812880847785e-01
13,6,6/10,7/10,Cq,-5.07815739861115904473977866312777682159141880418834560050797453755284951226317010641544019510315e-02,1.20347639067991358371594326584252638193391963886524936195265727314270787122212102156826946116400e-01
13,7,7/10,8/10,Cq,-7.54787279568465671380303034854661857455717131050815127007484949248053620060273958310371870762692e-02,1.14026923400735967156157795034478543016271879488938178581003949920272154802437214920483183728402e-01
13,8,8/10,9/10,Cq,-1.37744163348492184024376242211064876257228734076623847882793268635818720703063640694163095477815e-01,7.73928470636296935187458924704149192735425507427525146463627168251231190749244038433904505687401e-02
13,9,9/10,10/10,Cq,-2.79952011891000975256408234189504549396933361403300308513717621839331765683687153031938154696681e-01,-2.83311102327516799619273428711167470813907469947418693299840538207835861126954829626749223256044e-02
14,0,0/10,1/10,C,9.41492842338485737711307239970410524266604471186187405006477313946731271144997063152913468972386e-02,9.41946904157995766647519959648757503448747111541753752099904187697435532680843441366953694627275e-02
14,1,1/10,2/10,C,9.12467996323936707581512439086071751030538138244790372276365686481082078624408439011464152406469e-02,9.13749122471384482846415017146344695000101151931162962253340003825489336392856165632692706057378e-02
14,2,2/10,3/10,C,8.50693097893408960565561411525095467314227156149326412460887084352701864408249227872271239553289e-02,8.52899736077433639964283235481662848383246062355187487755048585711816054949894553572797180202559e-02
14,3,3/10,4/10,C,7.47287231925335949622254140992178734381388368238634669925008804696800329639881020352790122446344e-02,7.50563517708113103033821652581615114691214136447076971131528614236642034865626841327602158675580e-02
14,4,4/10,5/10,C,5.87007684902432925546562119939891578715519130813261351712371525637849909758862317683020433241181e-02,5.91619768676241852086178737118926368724873006892812154131058752904246464691707486464106372905786e-02
14,5,5/10,6/10,C,3.45372529121509084243111843211744718510583619449732008678345665464333090221157503001685870498928e-02,3.51834495386429879074995142805989959230137784981767078286160991569262088225816381696222037047679e-02
14,6,6/10,7/10,C,-1.64448682810278965075390577238776517287548694890082509286639336046758535040969414639037478151906e-03,-7.15908231920089414453910398729702902650819044359756145498506238089402894347934774239957431316046e-04
14,7,7/10,8/10,C,-5.60821513259566881472582052955463475548407097964441088850146846871088893323228302964033290082857e-02,-5.46937972892949710321000173638839791989512484721235388149658746668210063516958519472961932031127e-02
14,8,8/10,9/10,C,-1.39115549532956018408017185060887088838097793295082827262313819360310711057764276852166668318116e-01,-1.36937442863363427935613042141676398098577286581766690437715182500108113650848077626628546280465e-01
14,9,9/10,10/10,C,-2.68602105130564094285957021526754061114322355435756076220143744932427596918311277385699484115855e-01,-2.64964355605199551179010730602769021048037659514844177763662511309254161545164873331393369386563e-01
14,0,0/10,1/10,Cq,-7.91665518316232667761582730867115989621328093198500155709669251948763300719812552755203439992786e-02,8.70262349080982841267026507144727433676953156344953571533911161843715734691581140387601552661491e-02
14,1,1/10,2/10,Cq,-7.67200921406533780823752706088126405526200751992801497605501983583559438711008290865386926833893e-02,8.98752154291355166594836141392159854367520788408274026696380318624365297702362730232424575850578e-02
14,2,2/10,3/10,Cq,-7.17502364910811509069492074673426158777560702895342934124094300116366706475273740221122737279276e-02,9.51988274140765726132744450701579647478276807570663845177396141021868145052075198430917917347785e-02
14,3,3/10,4/10,Cq,-6.45074349202762905958696463746272354218903886187365588556318982736728438019373087966774635905600e-02,1.02672128427528418537879565211348222836829332764400012850420742277882356093661094327926769509564e-01
14,4,4/10,5/10,Cq,-5.68132913385776986946846683161289408551452798030916092484368281424237618806039573764195184447953e-02,1.11915850625315005489181652516554560918170250831824166531481683168478571017080182150611064721184e-01
14,5,5/10,6/10,Cq,-5.10875072393782667852844009520920835127099405291202382509797114102965017646083270970411999638766e-02,1.20947985968799573405639774330866881177630157446370058701654147777690748053802507630476712344553e-01
14,6,6/10,7/10,Cq,-5.31203091847263128068677990807880525946657422417166829372113025578454630504762812704319955511509e-02,1.26779061016147642258367863519941817038919683664695523186130826235067024639491473293626891348985e-01
14,7,7/10,8/10,Cq,-7.60968054420990793228646165824202100282107755341938838974090527382791909707299784636014941950126e-02,1.21080636159384806328760679628743146325730330981974032149594090685224612263444744731302929114885e-01
14,8,8/10,9/10,Cq,-1.39549609667001140490527652331790537871145854792901721051664721537093865012420908648506797704232e-01,8.50675834473890900850080204506546570905533236019669968899632264557996478375278212992747553254780e-02
14,9,9/10,10/10,Cq,-2.90803126038324899336885638739030281289580684737383404342393183233245976886224450851130201766103e-01,-2.61550497087394309328691050749068420512686709829767991467555913561867874152352110801278790550994e-02
15,0,0/10,1/10,C,9.43935551985096608660021011137306050135130194155290301938034491274033385446818494938842930464155e-02,9.44414437754801262303378584108098033903757457236833655431784994419460660092258664933859495809939e-02
15,1,1/10,2/10,C,9.16579858724488562907116442881847913134370144485477593207926174292219788426848125066844290480383e-02,9.17933126816200791678068759473019025699041108062760838775767995210890414321956167726011016150270e-02
15,2,2/10,3/10,C,8.58068854819974414465366749452090623422292781136872293148557187628198598720120459801953422719564e-02,8.60408940131297085291131036980465211796662401508487361951269468657168533492173989554013835290332e-02
15,3,3/10,4/10,C,7.59264159863333789372399458654150166656384831541775105969197039308692188777188929164518898490825e-02,7.62756058018715585015256611550185348142980489602783027411784236583084925371215986413966184852119e-02
15,4,4/10,5/10,C,6.04311799771744663446453120640890837046309050746981423728272058468281057839430178993438920284270e-02,6.09256238000021348538297808767778430102748667777405157457198648227149296685259782213813161377409e-02
15,5,5/10,6/10,C,3.67396606141463814793016853103924514854259771617864666664570162191547798331249711532214798782338e-02,3.74362097587909052992497743183616627289002810034329730967564532265257801053363815424400111738815e-02
15,6,6/10,7/10,C,6.74866071554964484572172497854655019685814564673887514445569473414903290070052810614398771432780e-04,1.68399886532574629570099326490986360706338693084621971579803893564901762632530308400751860603799e-03
15,7,7/10,8/10,C,-5.46214268195494993443113395896906099149396631687608274866990967824652133088274007420044661776161e-02,-5.30900926942021127355119639179101516936062881898694569702875861072449209728664618573678006385745e-02
15,8,8/10,9/10,C,-1.40833357738043049023490298382707778920579318688668123348985724701230012593586119642860537761834e-01,-1.38375423415303963722710609393881326242173413614341754504845029091080036366533856558452579741241e-01
15,9,9/10,10/10,C,-2.78830565275311113368021364429081301618345678837261764987792706442156226035242812350568663410121e-01,-2.74582998651023424774663352852574309638465131527056263336647108618092906378910673014539890965165e-01
15,0,0/10,1/10,Cq,-8.56894167519551372790926930983572313088404759187152258656519776800903058092558986418869269739165e-02,9.10443384747458826089738108293185592994512372753609250578940806143962599686018724289693068113406e-02
15,1,1/10,2/10,Cq,-8.32378579681945310217008155183562052557589984902583139146997111987937705115776831573503743209557e-02,9.39721891667878129067642845616138209747934247650731368443826480510256692936169082502155721735948e-02
15,2,2/10,3/10,Cq,-7.82155955246511878859030866693720192787070435401625301781211995216018805398723172913039659125072e-02,9.94817956975304119952763941736245289953873490613028943228996144277542050702966466363335751577858e-02
15,3,3/10,4/10,Cq,-7.07850474984791915170577255735610233560104251206273550895385108389254542756838347277868281285085e-02,1.07303704731382244075257358318751053161932840625369734491315288718953161944217632668604792837161e-01
15,4,4/10,5/10,Cq,-6.24926276502058620489392251750274082746341208590300004114329548640488794450920714608325404446305e-02,1.16989480896402482773721384444132897617162677529284951162687312954077721102960315818367033867004e-01
15,5,5/10,6/10,Cq,-5.58727844959516979151736241335014917244662642126942531706396293072195617871698415692385175347945e-02,1.26901224954960169912299183822063911998688548152329889086689446070339872834734322822222386817567e-01
15,6,6/10,7/10,Cq,-5.64990811859340023527315284942196991160823223557654512018969617541603900886996833376487098511328e-02,1.33428191192164181376595613797503782134756502683725793454448748536485336389511384555092849694577e-01
15,7,7/10,8/10,Cq,-7.66894540923345785228479992334665203027757528823708020395051054665363157580433608919022550024844e-02,1.28761826421724096927031677476472034921010682585723605017008953266167080876218212047148971797021e-01
15,8,8/10,9/10,Cq,-1.41169358075224709458613474444896225099207781204458650837805528816137185530270548115659485476645e-01,9.30805158675585998615292542127104196494883487545814403768249035918351767312479554416967235927754e-02
15,9,9/10,10/10,Cq,-3.02734819002691679912037232852370996373478601497847910463660549337986289001838651521340079288811e-01,-2.37115887627959719900144027393693731938554646688549039811971493144522557803223565085921477906131e-02
