index,mpmath_lower,mpmath_upper,mpfr_lower,mpfr_upper,absolute_lower_difference,absolute_upper_difference,intervals_intersect,mpmath_contains_mpfr,mpfr_contains_mpmath
0,-0.0003944342178958689259663556464553189172809563889340202018555306156152420266336993547172801300338314317,-0.00004167982417137394325188325473514976021999002632822283817858577490261279731662898708614648563040938478,-0.000394467610623438440978214932575956390472578956728536488558856160283636062405791991148305017304293,-0.0000416491903361455479929355233265745234200069534569929412061647452811590899089586396050494003939865,3.33927275695150118592861206374731916225677945162867033255446683940357720926364310248872704615683E-8,3.063383522839525894773140857523679998307287122989697242102962145370740767034748109708523642288478E-8,True,False,True
1,-0.0004556150817246640071096090990078801088203087201320763442179778092083354328765739375883539651699587584,-0.00006307848952257100873544792533189822185475179393140043679822338870460654201110453171918474296117655875,-0.000455683192455843986457467875039696077089737881858706745832766946194345405613675016760042152272891,-0.0000630138456967334387888188714695021799008040845277800159984759379832195585757151382061702163641071,6.81107311799793478587760318159682694291617266304016147891369860099727371010791716881871029322416E-8,6.464382583756994662905386239604195394770940362042079974745072138698343538939351301452659706945875E-8,True,False,True
2,-0.0005239108788689820254046794397779947893805403755782825379504589974553222848316916858666780392946544471,-0.00008742034990099701114231980997238753874787579592034174683241055545312330419641746254147945959712920041,-0.000524020417505441158141338371106250666221283489656485629588419735439005598159640088042733154756538,-0.0000873162446566733501864967549294248412738242848801600065775253452564038172323182180042390047199913,1.095386364591327366589313282558768407431140782030916379607379836833133279484021760551154618835529E-7,1.0410524432366095582305504296269747405151104018174025488521019671948696409924453724045487713790041E-7,True,False,True
3,-0.0006001533822390689694474223053453261837860114227010357770372501569765900988220244490850161745040849188,-0.0001145176734950674906986154407621389215060095719755605406686674416597849155735694785884695176347629108,-0.000600309563768318814487948025648464135745581218253644491719832054155520296243055412826832637564281,-0.000114368969224865320626459100340635255783401026240605624982413957897256192252433166644211412719654,1.561815292498450405257203031379519595697955526087146825818971789301974210309637418164630601960812E-7,1.487042702021700721563404215036657226085457349549156862534837625287233211363119442581049151089108E-7,True,False,True
4,-0.0006847329634229285435690017770079565575048013744108577551463835741881782372954004225722092477104791906,-0.0001448508748172017337264866305669968475887528981647539443078509907614388028455495399330052942611279448,-0.000684942256055763055552702677163095687498537730694177556642006903680041912046161863299808287573287,-0.000144650846509012071331429718282555987701206942315014540861482828665776423628399660487601433149876,2.092926328345119837009001551391299937363562833198014956233294918636747507614407275990398628078094E-7,2.000283081896623950569122844408598875459558497394034463681620956623792171498794454038611112519448E-7,True,False,True
5,-0.0007791667338219919725932193931000959807708171124692566698019060817938851769522400495148943834246711098,-0.0001783548377979129774646056563847914909406274285339433622864423825242996760421878709472845382478343028,-0.000779424071853485853797656841265414992683906630532463460945673563127678520237835529184561103500282,-0.000178108549252501129161450976053802421633581082860829909354155710521455810052795949310496557182084,2.573380314938812044374481653190119130895180632067911437674813337933432855954796696667200756108902E-7,2.462885454118483031546803309890693070463456731134529322866720028438659893919216367879810657503028E-7,True,False,True
6,-0.0008835081338555792211863963034464427622384515728425395593821484536112202727684542623638686409244917030,-0.0002149206934297113894239032069658559514696580779460907896964240447410812889099076719290237231928797135,-0.000883799381983597945571404790646089579056915136472969997079999885105263071290935600908306693397107,-0.000214641062744610387065179966579773982384093638061733477841555489461991989745052415767066219112541,2.912481280187243850084871996468168184635636304304376978514314940427985224813385444380524726152970E-7,2.796306851010023587232403860819690855644398843573118548685552790892991648552561619575040803387135E-7,True,False,True
7,-0.0009980931835519005497448917452289468688832742799000610771521777064356160466588233384680158213703104511,-0.0002549777306707431094261824142870838025761893252109474264251703923610770575476528890246537047432321559,-0.000998411809563560108150038625581880960546408420865137992252918788903003715863066815506739218543891,-0.000254670543156635108304917158934028409279621676023751643625485701899960490776055165164742892266172,3.186260116595584051468803529340916631341409650769151007410824673876692042434770387233971735805489E-7,3.071875141080011212652553530553932965676491871957827996846904611165667715977238599108124770601559E-7,True,False,True
8,-0.001123885489294547403017083541317197673397295371789296820424784542793888801643605862458786873028883988,-0.0002988130662864755114373573835056332788496899680223364526753123841105215414301206749482444306367846391,-0.00112422122029080332460720028080333782517036304662024790450820477303352727343821236062843684111226,-0.000298490819031870918153034354139509549654753782414992696306058421279662318814185910446272955649953,3.35730996255921590116739486140151773067674830951084083420230239638471794606498169649968083376012E-7,3.222472546045932843230293661237291949361856073437563692539628308592226159347645019714749868316391E-7,True,False,True
9,-0.001261428181968426560610481921370038602735182149030808163918392413058683444665770935328021540651409711,-0.0003463521424035065260511436338931284136705316602780074352788069395710897323905462238823736280105122015,-0.00126177337582120410178962102350698452613472984814696864602112041254210838833736300555473049342917,-0.000346019708562975109932903820542724122901843738637403353007264037102851085177338062261860078799646,3.45193852777541179139102136945923399547699116160482102727999483424943671592070226708952777760289E-7,3.324338405314161182398133504042907686879216406040822715429024682386472132081616205135492108662015E-7,True,False,True
10,-0.001411514864227037387210639986622742150289359234800567175223610802757834962071501899365762600584712526,-0.0003972092228342186340545788658499089737896881952625300377997691069453612258064167547967026324907881824,-0.00141185756676397876591041314668830796765192093089807653611813992916014911600187640804247653746927,-0.000396881540728046877199766085179993305836598706829662058063605660842829800916301331098052246490975,3.42702536941378699773160065565817362561696097509360894529126402314153930374508676713936884557474E-7,3.276821061717568548127806699156679530894884328679797361634461025314248901154236986503859998131824E-7,True,False,True
11,-0.001575177536621992409142838218615483174545726517762686029895101359100575452792140142451202860353139937,-0.0004520289371702776683679795887675440142660787622330710351640510113388596552191287325374503496661928313,-0.00157550753943666735539242239709988985757714304080849470073529117867381641656484784782586454314526,-0.000451706520579769223091092814695268944616497141268538868911024964732212078846133897569613520675745,3.30002814674946249584178484406683031416523045808670840189819573240963772707705374661682792120063E-7,3.224165905084452768867740722750696495816209645321662530260466066475763729948349678368289904478313E-7,True,False,True
12,-0.001753364351014938197570655908414175452915146207406937222140721293727486676229901885784446078682217530,-0.0005107326622875608464648348322840438493297599328006575357554438304834482172444360873054745179520172780,-0.00175369027140794475125544939559567731580656692548007862005646438094968294999809440368913991483100,-0.000510413770701648736159006192516881264234805164160569987082292683439870779014977997703171582241775,3.25920393006553684793487181501862891420718073141397915743087222196273768192517904693836148782470E-7,3.188915859121103058286397671625850949547686400875486731511470435774382294580896023029357102422780E-7,True,False,True
13,-0.001946657043261783539001146817726096610106406726479893957486918398060591138969187536732432283419174085,-0.0005734708429056797404925553013488580891548710973465897871591491192191797742925219735632477568811826773,-0.00194698151568931568771351917999179420635071049859493115479033079511922842322556274337258448857055,-0.000573154402453136492357566878193349964633572666161993724740750027005514117917987458037622544786947,3.24472427532148712372362265697596244303772115037197303412397058637284256375206640152205151375915E-7,3.164404525432481349884231555081245212984311845960624183990922136656563745345155256252120942356773E-7,True,False,True
14,-0.002155910704581292356243309843843009723565332348926546205671976763773702088338619263983263892401404620,-0.0006402994029465844922862295402418528503610305649023913014655013393630169467794704265912382315973470065,-0.00215623486512473719569621257003736280537487613468644180048692914800215060738599822860720562140574,-0.000639984375814971291958103504166790736813566379683499813026534322876769115690048579745183579473635,3.24160543444839452902726194353081809543785759895594814952384228448519047378964623941729004335380E-7,3.150271316132003281260360750621135474641852188914884389670164862478310894218468460546521237120065E-7,True,False,True
15,-0.002382190257958567338328133952041625500762820731844812588593357051619521759311931569982269768098742788,-0.0007111445282979983191650326279624299845072207653244536280442282391517863293738013297168910815018900481,-0.00238251269855848913979740909907089524103541956468105974852132088078797955835914352554080344189498,-0.000710830683765499163908367564515785637206330186621886771455539524532170129358517298197060023191400,3.22440599921801469275147029269740272598832836247159927963829168457799047211955558533673796237212E-7,3.138445324991552566650634466443473008905787025668565886887146196162000152840315198310583104900481E-7,True,False,True
16,-0.002626232443993662159403216172684757518042950132472051542065830720070016522803275212911863152676439322,-0.0007861859826928601785410579008331956569782944140718871818053766348392364243279169663779341491624048097,-0.00262656176910647571076297899908463102273024824233453991149440372721005560011040398200913889705690,-0.000785866848647299986818854651969992309820441858320756730450883724465665055849863083647178303906515,3.29325112813551359762826399873504687298109862488369428573007140039077307128769097275744380460678E-7,3.191340455601917222032488632033471578525557511304513544929103735713684780538827307558452558898097E-7,True,False,True
17,-0.002889158310002768212300405555757385440824526653609616278862199222254446316888863247172857199683367260,-0.0008652739608537909666865818932540027505474757335201199361827924237392135493321920889395733278843294048,-0.00288949626340074279503978667555894917403539376663742584531918743888719257149903625593963764994293,-0.000864947393030104820995089734064255316913242856339791439866806209271035552076223851293911990096045,3.37953397974582739381119801563733210867113027809566456988216632746254610173008766780450259562740E-7,3.265678236861456914921591897474336342328771803284963159862144681779972559682376456613377882844048E-7,True,False,True
18,-0.003172236779332803077258973192971030765942445066747195114073416048829281334981515228449878990680197248,-0.0009481066906928072082389336430490442263169572423252173519910399487865752678446222112755055316129903212,-0.00317259863461076754111109721245158410394132120455706341151967061124020196945541670141836925133631,-0.000947758805962537985939854585675006939417594283221736151937082497486204026590693793719123698774588,3.61855277964463852124019480553337998876137809868297446254562410920634473901472968490260656112752E-7,3.478847302692222990790573740372868993629591034812000539574513003712412539284175563818328384023212E-7,True,False,True
19,-0.003476449107655630133707949062017167774691216471691451226056660951394268351105067068571349237275756408,-0.001034712137488170189372087749640242433876910504236483842157116284627588608755572473256081212400525118,-0.00347684339402203522459745922554783173448133328097179171121878718663957420329701853768480456427099,-0.00103433020352761625991471063976594778050637506110046938881881168324373667609198883179328489780831,3.94286366405090889510163530663959790116809280340485162126235245305852191951469113455326995233592E-7,3.81933960553929457377109874294653370535443136014453338304601383851932663583641462796314592215118E-7,True,False,True
20,-0.003802963920296620411990073335508582244502052153044711105154619639292540588761778346940752076315717443,-0.001124971655697046449895931738097966540328683054234147017334443993710195668833703823164010212429490647,-0.00380340729844015557888476096716473833086829530066380043858212848174943808265136224229671940888958,-0.00112453881748997510224455294867479917702159906722671246506582859851736761734015502051132991372623,4.43378143535166894687631656156086366243147619089333427508842456897493889583895355967332573862557E-7,4.32838207071347651378789423167363307083987007434552268615395192828051493548802652680298703260647E-7,True,False,True
21,-0.004153104895129275994656078799298173474748395420247607464774886964105624567966761155617009576377816535,-0.001218620222360967502713628904778652228642015584961658418336714224837207347285487156483424325737709114,-0.00415363196176026477652943290921745392030210314891133597103321773133461732222537784134352290687725,-0.00121810554199759051808887551525744630967539121812380806780700049333399716167669877861137809115423,5.27066630988781873354109919280445553707728663728506258330767228992754258616685726513330499433465E-7,5.14680363376984624753389521205918966624366837850350529713731503210185608788377872046234583479114E-7,True,False,True
22,-0.004528678793385672404270672056230365124607006972733535366177977359089946546584203126360530942248670192,-0.001314972150184736000299881908568439774531254795106248187351081249251205721647306301317606907523714909,-0.00452930173150052019111465686085085866965960291248407295823352825340572703720160589123151856338520,-0.00131436519167803315274475250165671640164938014360746442234576772617346796489796408635742882185432,6.22938114847786843984804620493545052595939750537592055550894315780490617402764870987621136529808E-7,6.06958506702847555129406911723372881874651498783765005313523077737756749342214960178085669394909E-7,True,False,True
23,-0.004931789413692958692212826741851040709789651495757784670092273415612151791295572185765690078287718985,-0.001413110943149950837863494558896083164969672901590110263460275217934999971747096890010598958951220207,-0.00493254876226891808339051731536454486468143971727348956985138331018280609213650387457892813007220,-0.00141237456872164014382193968357936967839600111981796056944037891308072777055434486765210859966174,7.59348575959391177690573513504154891788221515704899759109894570654300840931688813238051784481015E-7,7.36374428310694041554875316713486573671781772149694019896304854272201192752022358490359289480207E-7,True,False,True
24,-0.005363746392457766722731936119617356025012925208328473356655181610355029656377767871502973929107478528,-0.001512694673780761596636765461679606872073987689208698290729146273959861467645627469069112658956510840,-0.00536467622141890415272690975039409253659981539496752286596784414097719774192943514266201819221580,-0.00151179729010473107703712094961561555532791427925675096448835294931706031442257851399566286740184,9.29828961137429994973630776736511586890186639049509312662530622168085551667271159044263108321472E-7,8.97383676030519599644512063991316746073409951947326240793324642801153223048955073449791554670840E-7,True,False,True
25,-0.005825622613983546848611232992035969905268887088530083955915056629508357017594595110324173883660920480,-0.001613785079558209272328176831211351219652713735483390572063364237104990398633836212924125994092800655,-0.00582673299028267086539709783596567972454278306390521305903176916945807638209377666276621642558814,-0.00161271770875051396263502517706309885401522657019737584211459813580363112262863756795227126679940,0.000001110376299124016785864843929709819273895975375129103116712539949719364499181552442042541927219520,0.000001067370807695309693151654148252365637487165286014729948766101301359276005198644971854727293400655,True,False,True
26,-0.006318861645962077035563734279010123615084892974986409318489484609533707199488658351214244550796519078,-0.001716124357441835624392999926970213362852405648367375816731758671184107731807028238563851944669235369,-0.00632017831546040980777938654627537101886455128312877156653404711045488050347590746340631836913367,-0.00171485964250911491101066683203531332965799977691736269031987668114123767217087219327242105336318,0.000001316669498332772215652267265247403779658308142362248044562500921173303987249112192073818337150922,0.000001264714932720713382333094934900033194405871450013126411881990042870059636156045291430891306055369,True,False,True
27,-0.006845814415577989969649085673164751855273347676174758401802534293281592709867799771196230994096584356,-0.001818619160315249257014327155799365740323946432837711225004241222485306467092316249747485420940640807,-0.00684735853380668518644109166284835747886674367469166299291426124322884410148358769845187277762491,-0.00181712424321559841756256047614486091962738063248571263543074991218700974721979163085060696427418,0.000001544118228695216792005989683605623593395998516904591111726949947251391615787927255641783528325644,0.000001494917099650839451766679654504820696565800351998589573491310298296719872524618896878456666460807,True,False,True
28,-0.007408575785143994562792797646444048317448619644055176891687001451126386407018710492403472671719240885,-0.001920580309115990634260261712543039743522387092815483155464266300905995467524838905093991800854775727,-0.00741038647479653101334304693875657598962126119683719225227377643292450723301449168424900696473197,-0.00191882095679923880846393031569994665900016425210803213215278322226281533697179568595865397431402,0.000001810689652536450550249292312527672172641552782015360586774981798120825995781191845534293012729115,0.000001759352316751825796331396843093084522222840707451023311483078643180130553043219135337826540755727,True,False,True
29,-0.008009046350075753790142908131416751954713105154297762179990231591940261032481940298304905709012173185,-0.002021241986328605705375451113660592411051069089813213325224224983235584697747726937812414005608855229,-0.00801115861750200484449707800228646942159407946451214740722969277357325308530631430496305473376456,-0.00201918433418808739365174983477148636122516993467719286000350085371815487288853928777420871318283,0.000002112267426251054354169870869717466880974310214385227239461181632992052824374006658149024752386815,0.000002057652140518311723701278889106049825899155136020465220724129517429824859187650038205292426025229,True,False,True
30,-0.008649737567532820582028735913435414224371346361225363124690043200687917813678420589770374345312895446,-0.002119240039509940392279627712986393612684056233023307214681662704882131280492076032079646957098836104,-0.00865219001211100944839779763510166022521704191190018971610358833635442323807906132773245842105859,-0.00211684681572639055070569493881629809646925460701626532349536977288488420543252331118322711515034,0.000002452444578188866369061721666246000845695550674826591413545135666505424400640737962084075745694554,0.000002393223783549841573932774170095516214801626007041891186292931997247075059552720896419841948496104,True,False,True
31,-0.009333017502958486328593963033359394580805979358005161246125407116326471632850914796636748349588012884,-0.002213717788234322857250064480066221757461073914664136778109980826732815115333533545924090843105351197,-0.00933578142719634877058430757693034382404744859366625757505235140523930563646718977187260202784296,-0.00221102014107115895203720008189146148296542252130341877399781410441500311963068740146712368212798,0.000002763924237862441990344543570949243241469235661096328926944288912834003616274975235853678254947116,0.000002697647163163905212864398174760274495651393360718004112166722317811995702846144456967160977371197,True,False,True
