index,q_lo,q_hi,q_mid,c_lower,c_upper,phi_second_lower,phi_second_upper,below_negative_target
0,0/1,1/32,1/64,-0.01150886981284967178434753424986872830249592694111581843728928042962317453653498995818866359348008482,-0.001333754373483966184060264151524792327039680842503130821714744796883609514132127586756687540173100313,-0.0003944342178958689259663556464553189172809563889340202018555306156152420266336993547172801300338314317,-0.00004167982417137394325188325473514976021999002632822283817858577490261279731662898708614648563040938478,True
1,1/32,1/16,3/64,-0.01215517606183903129246299284045610861455231112663372900251145683056278075676741280669275764683439825,-0.001840515074425227983854552237327003085387434039385929387988254112316595970610678285320837495333216467,-0.0004556150817246640071096090990078801088203087201320763442179778092083354328765739375883539651699587584,-0.00006307848952257100873544792533189822185475179393140043679822338870460654201110453171918474296117655875,True
2,1/16,3/32,5/64,-0.01281306994101275093342827167917552569724756862652765458924642550940436198576503650709414506146635650,-0.002332253226587315335730946902646199771781310059611445845881888118125743482115373429169400588380897580,-0.0005239108788689820254046794397779947893805403755782825379504589974553222848316916858666780392946544471,-0.00008742034990099701114231980997238753874787579592034174683241055545312330419641746254147945959712920041,True
3,3/32,1/8,7/64,-0.01348822087051427434214892599558000575466393847672670805346818459794849407283957279377225929056478566,-0.002800710997149011991295425875512550011827066890818550891946090526083979653235479641719591595695756989,-0.0006001533822390689694474223053453261837860114227010357770372501569765900988220244490850161745040849188,-0.0001145176734950674906986154407621389215060095719755605406686674416597849155735694785884695176347629108,True
4,1/8,5/32,9/64,-0.01417476855969361578783901461567715742882266807443270055989525403604807579709517289130241475059723104,-0.003255468769554229362653987592880214473105799017189751198271372609925121187683791034768299113019174697,-0.0006847329634229285435690017770079565575048013744108577551463835741881782372954004225722092477104791906,-0.0001448508748172017337264866305669968475887528981647539443078509907614388028455495399330052942611279448,True
5,5/32,3/16,11/64,-0.01488947982730953955849809772451024644869405752523260099493737191323634901785741473528768716524085069,-0.003692152535857390445934620669049002475757790190164614041673121191198942947221550334468783274944719597,-0.0007791667338219919725932193931000959807708171124692566698019060817938851769522400495148943834246711098,-0.0001783548377979129774646056563847914909406274285339433622864423825242996760421878709472845382478343028,True
6,3/16,7/32,13/64,-0.01561768446814254854995442759120445668094449664432877764322890974045143897804168471588722654443786298,-0.004107025095381124250556909337137873053073483538788454874921955444278029844000498382699839897366506368,-0.0008835081338555792211863963034464427622384515728425395593821484536112202727684542623638686409244917030,-0.0002149206934297113894239032069658559514696580779460907896964240447410812889099076719290237231928797135,True
7,7/32,1/4,15/64,-0.01635275871931433860702030635383106549978356580188260068806127954224113330845816155189514120499714761,-0.004507215713612925482723387974232424440232139750710470652087854976321393426981029286744492051059191366,-0.0009980931835519005497448917452289468688832742799000610771521777064356160466588233384680158213703104511,-0.0002549777306707431094261824142870838025761893252109474264251703923610770575476528890246537047432321559,True
8,1/4,9/32,17/64,-0.01709898798366998937429870999289362991802560020558804577376617978184653072463031092433628544422693557,-0.004895753278037614779389663371356295640673320436077960440632318101266784934791097141251141185941473413,-0.001123885489294547403017083541317197673397295371789296820424784542793888801643605862458786873028883988,-0.0002988130662864755114373573835056332788496899680223364526753123841105215414301206749482444306367846391,True
9,9/32,5/16,19/64,-0.01785313839401421079282335454031030123504003829367952571656533099713073711901867269252009885289828060,-0.005269461326343193787968891731883185378810397501598524752323823877594564606305036168210458371668005753,-0.001261428181968426560610481921370038602735182149030808163918392413058683444665770935328021540651409711,-0.0003463521424035065260511436338931284136705316602780074352788069395710897323905462238823736280105122015,True
10,5/16,11/32,21/64,-0.01861572704631956878428042857374732379516036511238305465339244244044674749630959759029639784064050203,-0.005621747894971029565144343062809552857419502335541554596100997342138255759518265512872179573607675926,-0.001411514864227037387210639986622742150289359234800567175223610802757834962071501899365762600584712526,-0.0003972092228342186340545788658499089737896881952625300377997691069453612258064167547967026324907881824,True
11,11/32,3/8,23/64,-0.01938971356875636636468539547242379889688744047109229745589882845041609933775088209196269979187105913,-0.005961571871939088085157565563680131715485024012820313856241336652944471578993712879607135598470815094,-0.001575177536621992409142838218615483174545726517762686029895101359100575452792140142451202860353139937,-0.0004520289371702776683679795887675440142660787622330710351640510113388596552191287325374503496661928313,True
12,3/8,13/32,25/64,-0.02017597561294748790623701607485654254832320822582097782873447430772667291099528777908619299821145543,-0.006286885002944700907948800820542279810231996047337320109554614364117817874780496515988553057524477004,-0.001753364351014938197570655908414175452915146207406937222140721293727486676229901885784446078682217530,-0.0005107326622875608464648348322840438493297599328006575357554438304834482172444360873054745179520172780,True
13,13/32,7/16,27/64,-0.02097084178305321706451535429382715006820637317770795272423155817133211159422777583657849694106926399,-0.006598932922586184247645779617746833686624506071564309823431461693655645004209114090770966188622424113,-0.001946657043261783539001146817726096610106406726479893957486918398060591138969187536732432283419174085,-0.0005734708429056797404925553013488580891548710973465897871591491192191797742925219735632477568811826773,True
14,7/16,15/32,29/64,-0.02177394433764226822322784799916711869140019006489893486181962288751792416884270374927207899457667368,-0.006897782801266928788768034708521421616053340856652110846197599371495796601321504710706277299588051476,-0.002155910704581292356243309843843009723565332348926546205671976763773702088338619263983263892401404620,-0.0006402994029465844922862295402418528503610305649023913014655013393630169467794704265912382315973470065,True
15,15/32,1/2,31/64,-0.02258669281619974957822230710083911585908452249452859343258886685979991001421683262937106446668916191,-0.007182311095851611738408572791176646633545972676775418620923154504269993181756095505310965675231655310,-0.002382190257958567338328133952041625500762820731844812588593357051619521759311931569982269768098742788,-0.0007111445282979983191650326279624299845072207653244536280442282391517863293738013297168910815018900481,True
16,1/2,17/32,33/64,-0.02340695043045923290855329668326201072035805215604904349185475875806966183660691640354023972439317258,-0.007454207835902674285426326763455484747646050740829745131191719204401649060294323838207326456921932337,-0.002626232443993662159403216172684757518042950132472051542065830720070016522803275212911863152676439322,-0.0007861859826928601785410579008331956569782944140718871818053766348392364243279169663779341491624048097,True
17,17/32,9/16,35/64,-0.02423601651255570144784888044827084956798415088268285599379367529339742640942445332002085766397354773,-0.007711969577099887943665898522730403047693307335817501909942351813570617571798762866732076770035289799,-0.002889158310002768212300405555757385440824526653609616278862199222254446316888863247172857199683367260,-0.0008652739608537909666865818932540027505474757335201199361827924237392135493321920889395733278843294048,True
18,9/16,19/32,37/64,-0.02507581060923531160368112622439930009143440515570562501552680572944955187001663997859448710348279484,-0.007953295370399208089490784669550356789236238058627256880650853642710655584443540640995601676404817197,-0.003172236779332803077258973192971030765942445066747195114073416048829281334981515228449878990680197248,-0.0009481066906928072082389336430490442263169572423252173519910399487865752678446222112755055316129903212,True
19,19/32,5/8,39/64,-0.02592541746919883664573101385165647556692803398825340777774798954376135305621548422351067772037211325,-0.008179164230038187005684286467246887323464695395362833912098215356609888753303655171660718943029289102,-0.003476449107655630133707949062017167774691216471691451226056660951394268351105067068571349237275756408,-0.001034712137488170189372087749640242433876910504236483842157116284627588608755572473256081212400525118,True
20,5/8,21/32,41/64,-0.02678517632467707600987998910412116804886573371596022885871296736830279385265333456298144165954941018,-0.008389410836113067380562105415110188346265427018922287087850491758283043167123988833942379983771073748,-0.003802963920296620411990073335508582244502052153044711105154619639292540588761778346940752076315717443,-0.001124971655697046449895931738097966540328683054234147017334443993710195668833703823164010212429490647,True
21,21/32,11/16,43/64,-0.02765613802847048027087138954334248812082617916591446454417385480664799183927954667092462865257806167,-0.008583031081244073027569377018996755975070226657017242002900639151936830614448349857295287273432675904,-0.004153104895129275994656078799298173474748395420247607464774886964105624567966761155617009576377816535,-0.001218620222360967502713628904778652228642015584961658418336714224837207347285487156483424325737709114,True
22,11/16,23/32,45/64,-0.02854193174727678333271539727743838521953368561046455044402968467188639994008160707591846923951750506,-0.008756593490271488951445720749879720475911224330852317350631556241520806602029961476581466805615436031,-0.004528678793385672404270672056230365124607006972733535366177977359089946546584203126360530942248670192,-0.001314972150184736000299881908568439774531254795106248187351081249251205721647306301317606907523714909,True
23,23/32,3/4,47/64,-0.02944695253423667464038445821373449380072654887262957144125065876143932031654032602871618974602289497,-0.008906111016224810516986035585809282048332019428746815685157755353396907770847085612489308215732692523,-0.004931789413692958692212826741851040709789651495757784670092273415612151791295572185765690078287718985,-0.001413110943149950837863494558896083164969672901590110263460275217934999971747096890010598958951220207,True
24,3/4,25/32,49/64,-0.03036991537054745697221473084060352557215420163423151673350539011873902132891618104692680262263674850,-0.009032066157151602769423019433002434035007366727403539648435252387958589754338906876761043573225782682,-0.005363746392457766722731936119617356025012925208328473356655181610355029656377767871502973929107478528,-0.001512694673780761596636765461679606872073987689208698290729146273959861467645627469069112658956510840,True
25,25/32,13/16,51/64,-0.03130821301652595237775929848424038080378053911467527017383649606555903772234034891525555983461002472,-0.009137366442483402968474998239481372495172949074199520243702052552129953142061921571920247079191935975,-0.005825622613983546848611232992035969905268887088530083955915056629508357017594595110324173883660920480,-0.001613785079558209272328176831211351219652713735483390572063364237104990398633836212924125994092800655,True
26,13/16,27/32,53/64,-0.03226136396260733029980318452883361677586927941093952710620087649626503469396101554106898297069686674,-0.009222840287777944112527749658774029517232789911140624176910290399337544328320587370583312042405717916,-0.006318861645962077035563734279010123615084892974986409318489484609533707199488658351214244550796519078,-0.001716124357441835624392999926970213362852405648367375816731758671184107731807028238563851944669235369,True
27,27/32,7/8,55/64,-0.03323313285476438152969796138344630945090326765228066419411339906996314517288119449676171027491315534,-0.009285079801959902448269078687302381112606071968211140795651197269967974885639683734256945110151614074,-0.006845814415577989969649085673164751855273347676174758401802534293281592709867799771196230994096584356,-0.001818619160315249257014327155799365740323946432837711225004241222485306467092316249747485420940640807,True
28,7/8,29/32,57/64,-0.03422513233479079413111679208796205148676322596113684037156233003474432553000494037123543160848008793,-0.009323492676905597200509667525423752046776530408500407709370826392309282885904284631336912062173033010,-0.007408575785143994562792797646444048317448619644055176891687001451126386407018710492403472671719240885,-0.001920580309115990634260261712543039743522387092815483155464266300905995467524838905093991800854775727,True
29,29/32,15/16,59/64,-0.03523754567477188415231483517173161398436293238844336492416097597324003538147336033212837108773308563,-0.009337459245736445147918852357500272481001871618857877865153105044128083231748562763585708223737549951,-0.008009046350075753790142908131416751954713105154297762179990231591940261032481940298304905709012173185,-0.002021241986328605705375451113660592411051069089813213325224224983235584697747726937812414005608855229,True
30,15/16,31/32,61/64,-0.03627280959025021245854324902584895201995788344618510265604061132188962118879915989276058357359536173,-0.009324058623700006951659070309709394904559250061254436683654623680115159316459917083716143650079988524,-0.008649737567532820582028735913435414224371346361225363124690043200687917813678420589770374345312895446,-0.002119240039509940392279627712986393612684056233023307214681662704882131280492076032079646957098836104,True
31,31/32,1/1,63/64,-0.03733207001183394531437585213343757832322391743202064498450162846530588653140365918654699339835205154,-0.009283260121159595293540188893487698494888973037640371155196628055414335474434707377016123802841815435,-0.009333017502958486328593963033359394580805979358005161246125407116326471632850914796636748349588012884,-0.002213717788234322857250064480066221757461073914664136778109980826732815115333533545924090843105351197,True
