e,q,x,h_original,h_stable_q,abs_difference
0,1.0,0,-4.18879020478639098461685784437267051226289253250014109463325945641042187504827866483737977,-4.18879020478639098461685784437267051226289253250014109463325945641042187504827866483737977,0.0
0,1.0,1/7,-4.2031108968337157445226935732410116138625963598903302467466188742287560417140710582911512,-4.2031108968337157445226935732410116138625963598903302467466188742287560417140710582911512,6.653062250012735499859459e-111
0,1.0,1/3,-4.26858385475652178629461790356093942473662953178846952418443049005724958730529618491139284,-4.26858385475652178629461790356093942473662953178846952418443049005724958730529618491139284,6.653062250012735499859459e-111
0,1.0,1/2,-4.37504868083641477084686409158778975061110424956870416068109953629375046415630506145808415,-4.37504868083641477084686409158778975061110424956870416068109953629375046415630506145808415,0.0
0,1.0,2/3,-4.53843973980471194549292208111751422355424818354634964829359150198057482247760942210201727,-4.53843973980471194549292208111751422355424818354634964829359150198057482247760942210201727,0.0
0,1.0,6/7,-4.82043007391037994949175279774128627497690715743478445165936424045439544416502627030224442,-4.82043007391037994949175279774128627497690715743478445165936424045439544416502627030224442,1.330612450002547099971892e-110
0,1.0,1,-5.13019932064745638217614543868402564586904267025636929240555842702559529405208840413314768,-5.13019932064745638217614543868402564586904267025636929240555842702559529405208840413314768,1.330612450002547099971892e-110
1/100000000,0.999999980000000199999998000000019999999800000002,0,-4.18879021349326578443138807222205503914403093008957802708991323516169023908020746641430666,-4.18879021349326578443138807222205503914403093008957802708991323516169023908020746641430666,0.0
1/100000000,0.999999980000000199999998000000019999999800000002,1/7,-4.20311090513672185418547456895200503625668592353836240573806173239298709929220447909093896,-4.20311090513672185418547456895200503625668592353836240573806173239298709929220447909093896,6.653062250012735499859459e-111
1/100000000,0.999999980000000199999998000000019999999800000002,1/3,-4.26858386117753459239742778071355680014321391549672734874694461591731556957502694394984844,-4.26858386117753459239742778071355680014321391549672734874694461591731556957502694394984844,0.0
1/100000000,0.999999980000000199999998000000019999999800000002,1/2,-4.37504868407077769164827764374401753793289790525509054996534058245496942987748993010600356,-4.37504868407077769164827764374401753793289790525509054996534058245496942987748993010600356,6.653062250012735499859459e-111
1/100000000,0.999999980000000199999998000000019999999800000002,2/3,-4.53843973783622531918940230414464362810924184646943099151673171103033654033126556720025064,-4.53843973783622531918940230414464362810924184646943099151673171103033654033126556720025064,1.330612450002547099971892e-110
1/100000000,0.999999980000000199999998000000019999999800000002,6/7,-4.82043006203565041843795289020431315815882103939191375910985302542865900670089382442300576,-4.82043006203565041843795289020431315815882103939191375910985302542865900670089382442300576,1.330612450002547099971892e-110
1/100000000,0.999999980000000199999998000000019999999800000002,1,-5.13019929646346523834521257614042630207332923690542864183414730297940355995612819878942748,-5.13019929646346523834521257614042630207332923690542864183414730297940355995612819878942748,0.0
1/1000000,0.999998000001999998000001999998000001999998000002,0,-4.18879107547293111532499638648252437705354019267124263199106631805255340643987072358171613,-4.18879107547293111532499638648252437705354019267124263199106631805255340643987072358171613,6.653062250012735499859459e-111
1/1000000,0.999998000001999998000001999998000001999998000002,1/7,-4.20311172713341285765942807237879750684765334023339218761319921432185846998803665536789575,-4.20311172713341285765942807237879750684765334023339218761319921432185846998803665536789575,1.330612450002547099971892e-110
1/1000000,0.999998000001999998000001999998000001999998000002,1/3,-4.26858449685702196481055712393196266434367683174553282544543895877881016945130832731440532,-4.26858449685702196481055712393196266434367683174553282544543895877881016945130832731440532,6.653062250012735499859459e-111
1/1000000,0.999998000001999998000001999998000001999998000002,1/2,-4.3750490042721966287648722785511427616557622872053136490528210955299501014813795880047749,-4.3750490042721966287648722785511427616557622872053136490528210955299501014813795880047749,0.0
1/1000000,0.999998000001999998000001999998000001999998000002,2/3,-4.53843954295609227748616087058811709913505360228609116300021466935871876050588222819860305,-4.53843954295609227748616087058811709913505360228609116300021466935871876050588222819860305,6.653062250012735499859459e-111
1/1000000,0.999998000001999998000001999998000001999998000002,6/7,-4.82042888643887155187815110513746296791211207906934259061587071252572156791170064891408382,-4.82042888643887155187815110513746296791211207906934259061587071252572156791170064891408382,3.326531125006367749929729e-110
1/1000000,0.999998000001999998000001999998000001999998000002,1,-5.13019690225209698394549603806792306168729119695657984723317054160119792810240314357800398,-5.13019690225209698394549603806792306168729119695657984723317054160119792810240314357800398,0.0
1/10000,0.999800019998000199980001999800019998000199980002,0,-4.18887726404285116531868522653396797513347778167567008471858264290149693738456870802262212,-4.18887726404285116531868522653396797513347778167567008471858264290149693738456870802262212,1.330612450002547099971892e-110
1/10000,0.999800019998000199980001999800019998000199980002,1/7,-4.20319391766584274663769424806004984675683421555006664814777282984581886944296078961626481,-4.20319391766584274663769424806004984675683421555006664814777282984581886944296078961626481,6.653062250012735499859459e-111
1/10000,0.999800019998000199980001999800019998000199980002,1/3,-4.26864805700311469364636363714614381893240106303691303852038234407702432484260293576139368,-4.26864805700311469364636363714614381893240106303691303852038234407702432484260293576139368,6.653062250012735499859459e-111
1/10000,0.999800019998000199980001999800019998000199980002,1/2,-4.37508101931310146151140345557174298442852343672004716387294432795225074550155958888327338,-4.37508101931310146151140345557174298442852343672004716387294432795225074550155958888327338,1.330612450002547099971892e-110
1/10000,0.999800019998000199980001999800019998000199980002,2/3,-4.53842005537258850708258612171915447524372560658618420461966274547538012819668782425811332,-4.53842005537258850708258612171915447524372560658618420461966274547538012819668782425811332,6.653062250012735499859459e-111
1/10000,0.999800019998000199980001999800019998000199980002,6/7,-4.82031134120501407725221462108989667533805364756279503241796126408787302151324631642381117,-4.82031134120501407725221462108989667533805364756279503241796126408787302151324631642381117,6.653062250012735499859459e-111
1/10000,0.999800019998000199980001999800019998000199980002,1,-5.12995751865570828088704287485459359158946075435144700248557990210576643322763718389726097,-5.12995751865570828088704287485459359158946075435144700248557990210576643322763718389726097,6.653062250012735499859459e-111
1/1000,0.998001998001998001998001998001998001998001998002,0,-4.18965994389418056339152868495774251841182337577696977633695469206507126033011246453516364,-4.18965994389418056339152868495774251841182337577696977633695469206507126033011246453516364,6.653062250012735499859459e-111
1/1000,0.998001998001998001998001998001998001998001998002,1/7,-4.20394027532489650160916617715029588848232978571046162224790819958465317124754685580609337,-4.20394027532489650160916617715029588848232978571046162224790819958465317124754685580609337,6.653062250012735499859459e-111
1/1000,0.998001998001998001998001998001998001998001998002,1/3,-4.26922516863013468119405934128234115252338417940116122180495993556363057942623745448269862,-4.26922516863013468119405934128234115252338417940116122180495993556363057942623745448269862,0.0
1/1000,0.998001998001998001998001998001998001998001998002,1/2,-4.37537160248658721729280206203207809380892083758473469565409095096050352001167504083845445,-4.37537160248658721729280206203207809380892083758473469565409095096050352001167504083845445,6.653062250012735499859459e-111
1/1000,0.998001998001998001998001998001998001998001998002,2/3,-4.53824293475934714742253366335912195869479494886033815086963880994845430740388074534184999,-4.53824293475934714742253366335912195869479494886033815086963880994845430740388074534184999,1.330612450002547099971892e-110
1/1000,0.998001998001998001998001998001998001998001998002,6/7,-4.8192440586263867253906160725233394935715111523219751152499988896812555120704907864170907,-4.8192440586263867253906160725233394935715111523219751152499988896812555120704907864170907,0.0
1/1000,0.998001998001998001998001998001998001998001998002,1,-5.12778470870784747296506532885945421979213395133003595205895362177050171956808234960207186,-5.12778470870784747296506532885945421979213395133003595205895362177050171956808234960207186,1.995918675003820649957838e-110
1/100,0.98019801980198019801980198019801980198019801980198,0,-4.19740310048535574242187807323308098381245330246475239406580305837751025543675200870263701,-4.19740310048535574242187807323308098381245330246475239406580305837751025543675200870263701,1.330612450002547099971892e-110
1/100,0.98019801980198019801980198019801980198019801980198,1/7,-4.21132254220448974883337912403311717994051971984377649430350483609439840699585973259719574,-4.21132254220448974883337912403311717994051971984377649430350483609439840699585973259719574,0.0
1/100,0.98019801980198019801980198019801980198019801980198,1/3,-4.27492692838878347057003142349424856617822308897436218462497612981344510121575619225165407,-4.27492692838878347057003142349424856617822308897436218462497612981344510121575619225165407,6.653062250012735499859459e-111
1/100,0.98019801980198019801980198019801980198019801980198,1/2,-4.37823222738549153967333948405813454754649945985131146451302812204576665744782112834471224,-4.37823222738549153967333948405813454754649945985131146451302812204576665744782112834471224,0.0
1/100,0.98019801980198019801980198019801980198019801980198,2/3,-4.53647580910626662896162645100604985425255863646408671550191386639284565538703109917133804,-4.53647580910626662896162645100604985425255863646408671550191386639284565538703109917133804,1.330612450002547099971892e-110
1/100,0.98019801980198019801980198019801980198019801980198,6/7,-4.80869966998203607088589746193810622612837064944705971621817779487328075597431033554869365,-4.80869966998203607088589746193810622612837064944705971621817779487328075597431033554869365,1.995918675003820649957838e-110
1/100,0.98019801980198019801980198019801980198019801980198,1,-5.10638898849313789439722477611234665004083640746904302412912263860688406743914871323791843,-5.10638898849313789439722477611234665004083640746904302412912263860688406743914871323791843,1.330612450002547099971892e-110
1/10,0.81818181818181818181818181818181818181818181818182,0,-4.2672458535660778039805068974421639815050259030020780604102976499358501878777932026826101,-4.2672458535660778039805068974421639815050259030020780604102976499358501878777932026826101,6.653062250012735499859459e-111
1/10,0.81818181818181818181818181818181818181818181818182,1/7,-4.27778192068392982510707613633518234577119245438157509417623155492890287433534985552585672,-4.27778192068392982510707613633518234577119245438157509417623155492890287433534985552585672,0.0
1/10,0.81818181818181818181818181818181818181818181818182,1/3,-4.32572485456684115687183516681335411959183017418511687686042208148390690213317250720620647,-4.32572485456684115687183516681335411959183017418511687686042208148390690213317250720620647,0.0
1/10,0.81818181818181818181818181818181818181818181818182,1/2,-4.40288467608324823772895624195909392265960027520698904036577769519325893361866734597385194,-4.40288467608324823772895624195909392265960027520698904036577769519325893361866734597385194,1.330612450002547099971892e-110
1/10,0.81818181818181818181818181818181818181818181818182,2/3,-4.51936039914569106666415838141734033644234805865071369445573713025041266885336935665605138,-4.51936039914569106666415838141734033644234805865071369445573713025041266885336935665605138,1.995918675003820649957838e-110
1/10,0.81818181818181818181818181818181818181818181818182,6/7,-4.71480261551775993943261626094222470261295127399479247848082876058516334278312240418937017,-4.71480261551775993943261626094222470261295127399479247848082876058516334278312240418937017,6.653062250012735499859459e-111
1/10,0.81818181818181818181818181818181818181818181818182,1,-4.92130723859467864118443144615918485307106105908131103943051257046344501246688204004617674,-4.92130723859467864118443144615918485307106105908131103943051257046344501246688204004617674,0.0
1/2,0.33333333333333333333333333333333333333333333333333,0,-4.46795897207184669290731484463198465021757918210545335818368777995798773131359818996197721,-4.46795897207184669290731484463198465021757918210545335818368777995798773131359818996197721,1.330612450002547099971892e-110
1/2,0.33333333333333333333333333333333333333333333333333,1/7,-4.46745314502874881014017895288465351892705702903157077778935219264843358860091706333034201,-4.46745314502874881014017895288465351892705702903157077778935219264843358860091706333034201,6.653062250012735499859459e-111
1/2,0.33333333333333333333333333333333333333333333333333,1/3,-4.46535902591506517007697546522099397539128035749564334534114673254317069572493130218858421,-4.46535902591506517007697546522099397539128035749564334534114673254317069572493130218858421,6.653062250012735499859459e-111
1/2,0.33333333333333333333333333333333333333333333333333,1/2,-4.46264564323342661996051038974045448261223941202796442604356718188857603457983769310161411,-4.46264564323342661996051038974045448261223941202796442604356718188857603457983769310161411,6.653062250012735499859459e-111
1/2,0.33333333333333333333333333333333333333333333333333,2/3,-4.45987140594115803371680856519377452813910712251180189934356271956501661110493635842913506,-4.45987140594115803371680856519377452813910712251180189934356271956501661110493635842913506,1.995918675003820649957838e-110
1/2,0.33333333333333333333333333333333333333333333333333,6/7,-4.45803158333342568931164449805938313347168662834774348429241695914019540677588596215692791,-4.45803158333342568931164449805938313347168662834774348429241695914019540677588596215692791,6.653062250012735499859459e-111
1/2,0.33333333333333333333333333333333333333333333333333,1,-4.45887181351668910316342023569357707768145933513818259698967723867524447555406905041275242,-4.45887181351668910316342023569357707768145933513818259698967723867524447555406905041275242,0.0
9/10,0.052631578947368421052631578947368421052631578947368,0,-4.57699732120529174964708320600812090116899484511914960118106874445969562498071151360952016,-4.57699732120529174964708320600812090116899484511914960118106874445969562498071151360952016,0.0
9/10,0.052631578947368421052631578947368421052631578947368,1/7,-4.56964527076947391983333576718776821288508687814742271470942485729487416547426230557008863,-4.56964527076947391983333576718776821288508687814742271470942485729487416547426230557008863,1.330612450002547099971892e-110
9/10,0.052631578947368421052631578947368421052631578947368,1/3,-4.5372704562935071162393581790991057660240280765739856617187956674408525541102143071028359,-4.5372704562935071162393581790991057660240280765739856617187956674408525541102143071028359,2.661224900005094199943784e-110
9/10,0.052631578947368421052631578947368421052631578947368,1/2,-4.48862963172577016625837310319789961340015066287303439419268899898651385836523719066928441,-4.48862963172577016625837310319789961340015066287303439419268899898651385836523719066928441,6.653062250012735499859459e-111
9/10,0.052631578947368421052631578947368421052631578947368,2/3,-4.42236536429665741887169240647486635401459088280993005670956161708138715499100496570488396,-4.42236536429665741887169240647486635401459088280993005670956161708138715499100496570488396,1.995918675003820649957838e-110
9/10,0.052631578947368421052631578947368421052631578947368,6/7,-4.32723801696565218134721246427293437497560355115012614677209463570591530180793291721495253,-4.32723801696565218134721246427293437497560355115012614677209463570591530180793291721495253,6.653062250012735499859459e-111
9/10,0.052631578947368421052631578947368421052631578947368,1,-4.24402639442394681968430359594648963700930013902165246889661918636861888531775368866545872,-4.24402639442394681968430359594648963700930013902165246889661918636861888531775368866545872,6.653062250012735499859459e-111
99/100,0.0050251256281407035175879396984924623115577889447236,0,-4.59488175809403088137031439268883522631515927415329646525839476309433860083125287402813691,-4.59488175809403088137031439268883522631515927415329646525839476309433860083125287402813691,1.995918675003820649957838e-110
99/100,0.0050251256281407035175879396984924623115577889447236,1/7,-4.58634836633251986266033915853834791140288278347790027945048831004546182977897209351231925,-4.58634836633251986266033915853834791140288278347790027945048831004546182977897209351231925,5.322449800010188399887567e-110
99/100,0.0050251256281407035175879396984924623115577889447236,1/3,-4.54880165244726599315327809774120042608198411527901174165543850816882496013266153851979205,-4.54880165244726599315327809774120042608198411527901174165543850816882496013266153851979205,6.653062250012735499859459e-111
99/100,0.0050251256281407035175879396984924623115577889447236,1/2,-4.49248237859884348593282837003154118647033259933909799616473324453533076517544861973782544,-4.49248237859884348593282837003154118647033259933909799616473324453533076517544861973782544,9.314287150017829699803243e-110
99/100,0.0050251256281407035175879396984924623115577889447236,2/3,-4.415933944663851079367528651583237085639001155674136898431643974128898768568071943594077,-4.415933944663851079367528651583237085639001155674136898431643974128898768568071943594077,2.661224900005094199943784e-110
99/100,0.0050251256281407035175879396984924623115577889447236,6/7,-4.30639438242394422275828871743912535857241755534453889226290803726321414874350902880843884,-4.30639438242394422275828871743912535857241755534453889226290803726321414874350902880843884,3.126939257505985684933946e-109
99/100,0.0050251256281407035175879396984924623115577889447236,1,-4.21091078129201730753691808934383785521651476721601872216273980459810813251818954565587279,-4.21091078129201730753691808934383785521651476721601872216273980459810813251818954565587279,1.530204317502929164967676e-109
199/200,0.0025062656641604010025062656641604010025062656641604,0,-4.59582284966007928692530728615539285340386579290565078735240868890612643306034029188796989,-4.59582284966007928692530728615539285340386579290565078735240868890612643306034029188796989,6.653062250012735499859459e-111
199/200,0.0025062656641604010025062656641604010025062656641604,1/7,-4.58722683491542836031779298305521715227139653480853432466219988478934779363837004164089473,-4.58722683491542836031779298305521715227139653480853432466219988478934779363837004164089473,2.727755522505221554942378e-109
199/200,0.0025062656641604010025062656641604010025062656641604,1/3,-4.5494063824017627929585797231457607086473098435119639215611132356212694490450498975588084,-4.5494063824017627929585797231457607086473098435119639215611132356212694490450498975588084,3.260000502506240394931135e-109
199/200,0.0025062656641604010025062656641604010025062656641604,1/2,-4.49268200757778611213255710483110338619160998027281836159558043853496756069064950853166474,-4.49268200757778611213255710483110338619160998027281836159558043853496756069064950853166474,6.985715362513372274852432e-109
199/200,0.0025062656641604010025062656641604010025062656641604,2/3,-4.41559354395759684289679881952870427672016507557125947184561879506980034966056716442795056,-4.41559354395759684289679881952870427672016507557125947184561879506980034966056716442795056,2.661224900005094199943784e-109
199/200,0.0025062656641604010025062656641604010025062656641604,6/7,-4.30530239187087501330483585056456447498903469970221443493943203618621066146865524964461083,-4.30530239187087501330483585056456447498903469970221443493943203618621066146865524964461083,6.120817270011716659870702e-109
199/200,0.0025062656641604010025062656641604010025062656641604,1,-4.20918396763724992399051677435885972864859784574478391420221687940267394388552934816796553,-4.20918396763724992399051677435885972864859784574478391420221687940267394388552934816796553,1.397143072502674454970486e-109
1/32,0.93939393939393939393939393939393939393939393939394,0,-4.21510067567133218170605638609506484908791565508003439739843845757695758513313271057776999,-4.21510067567133218170605638609506484908791565508003439739843845757695758513313271057776999,0.0
1/32,0.93939393939393939393939393939393939393939393939394,1/7,-4.22818468160654007498908268154550954692800299197593141692664590545030844306091256084654126,-4.22818468160654007498908268154550954692800299197593141692664590545030844306091256084654126,1.330612450002547099971892e-110
1/32,0.93939393939393939393939393939393939393939393939394,1/3,-4.28790630972447805432615635146888514797904796613924091066822539055738465504660573765979504,-4.28790630972447805432615635146888514797904796613924091066822539055738465504660573765979504,6.653062250012735499859459e-111
1/32,0.93939393939393939393939393939393939393939393939394,1/2,-4.384674193552421634793320871681406787574305169538787010995461478955443306177417230574539,-4.384674193552421634793320871681406787574305169538787010995461478955443306177417230574539,1.330612450002547099971892e-110
1/32,0.93939393939393939393939393939393939393939393939394,2/3,-4.5323368382146643240598790442854534853588649958178925029094252463077646611599082265841912,-4.5323368382146643240598790442854534853588649958178925029094252463077646611599082265841912,6.653062250012735499859459e-111
1/32,0.93939393939393939393939393939393939393939393939394,6/7,-4.78469867788613215140632430133937949387580210746282415852645027531340871118439791837320959,-4.78469867788613215140632430133937949387580210746282415852645027531340871118439791837320959,0.0
1/32,0.93939393939393939393939393939393939393939393939394,1,-5.05816161720947006603879536855388654581169474258991316842341741505957573318033853879314929,-5.05816161720947006603879536855388654581169474258991316842341741505957573318033853879314929,0.0
1/16,0.88235294117647058823529411764705882352941176470588,0,-4.23972201097392826145972290560369884255883025684759304526960981877084003748186757480071056,-4.23972201097392826145972290560369884255883025684759304526960981877084003748186757480071056,0.0
1/16,0.88235294117647058823529411764705882352941176470588,1/7,-4.25161909560149259551380730012627022633226858584056708417761862219181122205942515941801052,-4.25161909560149259551380730012627022633226858584056708417761862219181122205942515941801052,6.653062250012735499859459e-111
1/16,0.88235294117647058823529411764705882352941176470588,1/3,-4.30584212936937646145356877830452688015716959311294587318180679545590523126805231654821591,-4.30584212936937646145356877830452688015716959311294587318180679545590523126805231654821591,1.330612450002547099971892e-110
1/16,0.88235294117647058823529411764705882352941176470588,1/2,-4.3934151940105727123760233628629203692038861084935683313876794645845594541131234652300346,-4.3934151940105727123760233628629203692038861084935683313876794645845594541131234652300346,6.653062250012735499859459e-111
1/16,0.88235294117647058823529411764705882352941176470588,2/3,-4.52635225121741426084974092154509713722986111187517329893892234989152392962099142370171852,-4.52635225121741426084974092154509713722986111187517329893892234989152392962099142370171852,1.330612450002547099971892e-110
1/16,0.88235294117647058823529411764705882352941176470588,6/7,-4.75154095645312014172424377441287105896351831755980334252680416293454586832988615361110515,-4.75154095645312014172424377441287105896351831755980334252680416293454586832988615361110515,6.653062250012735499859459e-111
1/16,0.88235294117647058823529411764705882352941176470588,1,-4.99258769441037586998820403093677843010493916947538771678327808940773052016142299646020682,-4.99258769441037586998820403093677843010493916947538771678327808940773052016142299646020682,6.653062250012735499859459e-111
3/32,0.82857142857142857142857142857142857142857142857143,0,-4.26280268377670893178789728035913371506047188682681941971590561969499683548713602264766653,-4.26280268377670893178789728035913371506047188682681941971590561969499683548713602264766653,6.653062250012735499859459e-111
3/32,0.82857142857142857142857142857142857142857142857143,1/7,-4.27356091294281181287054631073856513355373493831633441740939242934984257139990313519138931,-4.27356091294281181287054631073856513355373493831633441740939242934984257139990313519138931,6.653062250012735499859459e-111
3/32,0.82857142857142857142857142857142857142857142857143,1/3,-4.32252716421742056195656076635401802406296718526480134381263032476907743796245977951143697,-4.32252716421742056195656076635401802406296718526480134381263032476907743796245977951143697,0.0
3/32,0.82857142857142857142857142857142857142857142857143,1/2,-4.40137745674986015298235624564161810431547978840254655911422987905027863703901186303680597,-4.40137745674986015298235624564161810431547978840254655911422987905027863703901186303680597,6.653062250012735499859459e-111
3/32,0.82857142857142857142857142857142857142857142857143,2/3,-4.52051016921368291211487566593809815643238217339323768867578320903308644133267241419560031,-4.52051016921368291211487566593809815643238217339323768867578320903308644133267241419560031,1.330612450002547099971892e-110
3/32,0.82857142857142857142857142857142857142857142857143,6/7,-4.72070949996262127929695869675065427914237633089970298266251922488078838034326321493587778,-4.72070949996262127929695869675065427914237633089970298266251922488078838034326321493587778,6.653062250012735499859459e-111
3/32,0.82857142857142857142857142857142857142857142857143,1,-4.93267281619406739386198106275927933395842401256058097788535995508724728852298188149381705,-4.93267281619406739386198106275927933395842401256058097788535995508724728852298188149381705,1.330612450002547099971892e-110
1/8,0.77777777777777777777777777777777777777777777777778,0,-4.28447515179838117058934828000209511402821327370953995234390011488260862522516014071591264,-4.28447515179838117058934828000209511402821327370953995234390011488260862522516014071591264,6.653062250012735499859459e-111
1/8,0.77777777777777777777777777777777777777777777777778,1/7,-4.29414076950985247516431582077210898271394014780865066550639796895651721910925103558598772,-4.29414076950985247516431582077210898271394014780865066550639796895651721910925103558598772,6.653062250012735499859459e-111
1/8,0.77777777777777777777777777777777777777777777777778,1/3,-4.33808092422585585054744572225796667230398752722237035640639006373152578247813025825577961,-4.33808092422585585054744572225796667230398752722237035640639006373152578247813025825577961,6.653062250012735499859459e-111
1/8,0.77777777777777777777777777777777777777777777777778,1/2,-4.40865164939204033105514433717988170123114169506434334651781463250008134803131186446807356,-4.40865164939204033105514433717988170123114169506434334651781463250008134803131186446807356,6.653062250012735499859459e-111
1/8,0.77777777777777777777777777777777777777777777777778,2/3,-4.51482683790182440543126973647327148459193223222550929363052968294758844198769087977823648,-4.51482683790182440543126973647327148459193223222550929363052968294758844198769087977823648,6.653062250012735499859459e-111
1/8,0.77777777777777777777777777777777777777777777777778,6/7,-4.6919851120576517561202707848253852998880902316894363257819589024748301079440358783887322,-4.6919851120576517561202707848253852998880902316894363257819589024748301079440358783887322,1.330612450002547099971892e-110
1/8,0.77777777777777777777777777777777777777777777777778,1,-4.87773793107369928023313596435387464261024044394103107448546593697363243393955651641840449,-4.87773793107369928023313596435387464261024044394103107448546593697363243393955651641840449,1.330612450002547099971892e-110
5/32,0.72972972972972972972972972972972972972972972972973,0,-4.30485784950356121701572604777444782012186529578961979364584564535132576809035461845455065,-4.30485784950356121701572604777444782012186529578961979364584564535132576809035461845455065,0.0
5/32,0.72972972972972972972972972972972972972972972972973,1/7,-4.3134752122447486589597681142763971172294992012088572720570503362029815551758136572019409,-4.3134752122447486589597681142763971172294992012088572720570503362029815551758136572019409,1.330612450002547099971892e-110
5/32,0.72972972972972972972972972972972972972972972972973,1/3,-4.35260885459002022304106157770711590943219800995087067371266546036225729242461497290408303,-4.35260885459002022304106157770711590943219800995087067371266546036225729242461497290408303,6.653062250012735499859459e-111
5/32,0.72972972972972972972972972972972972972972972972973,1/2,-4.41531579150461451403188289080401649678202776054300468843081060328301263122019670713833924,-4.41531579150461451403188289080401649678202776054300468843081060328301263122019670713833924,6.653062250012735499859459e-111
5/32,0.72972972972972972972972972972972972972972972972973,2/3,-4.50931250846271749321370033536446733393505875674397882538681576163645589376693958944075409,-4.50931250846271749321370033536446733393505875674397882538681576163645589376693958944075409,1.995918675003820649957838e-110
5/32,0.72972972972972972972972972972972972972972972972973,6/7,-4.66517330938374884513382768955358394772688491173342684321282284980654984973650887641786848,-4.66517330938374884513382768955358394772688491173342684321282284980654984973650887641786848,6.653062250012735499859459e-111
5/32,0.72972972972972972972972972972972972972972972972973,1,-4.82720635404913142436770535296326717013216470282581621520558838421229990422668429729108824,-4.82720635404913142436770535296326717013216470282581621520558838421229990422668429729108824,1.330612450002547099971892e-110
3/16,0.68421052631578947368421052631578947368421052631579,0,-4.32405690680737258660450795583627040666238651586009895678352618383962070921675472734568043,-4.32405690680737258660450795583627040666238651586009895678352618383962070921675472734568043,0.0
3/16,0.68421052631578947368421052631578947368421052631579,1/7,-4.33166846054568274197776748832706139852678110488327715154615665189373317799264300832492631,-4.33166846054568274197776748832706139852678110488327715154615665189373317799264300832492631,0.0
3/16,0.68421052631578947368421052631578947368421052631579,1/3,-4.36620425857116978877625887732761765726893148265336782428512818924156175612568221934337724,-4.36620425857116978877625887732761765726893148265336782428512818924156175612568221934337724,6.653062250012735499859459e-111
3/16,0.68421052631578947368421052631578947368421052631579,1/2,-4.42143727108590112854374183328603563134297775152058436787087670516024379144600334463668824,-4.42143727108590112854374183328603563134297775152058436787087670516024379144600334463668824,6.653062250012735499859459e-111
3/16,0.68421052631578947368421052631578947368421052631579,2/3,-4.50397292230010044652002646346745917429199464483978807906606785026536561521469498658915209,-4.50397292230010044652002646346745917429199464483978807906606785026536561521469498658915209,0.0
3/16,0.68421052631578947368421052631578947368421052631579,6/7,-4.64010124305326592471175577997286672851742325849129652506607825115906862418895984857069433,-4.64010124305326592471175577997286672851742325849129652506607825115906862418895984857069433,6.653062250012735499859459e-111
3/16,0.68421052631578947368421052631578947368421052631579,1,-4.78058541393164070566860988961196842903513387543941643522702034040229390132299851881704958,-4.78058541393164070566860988961196842903513387543941643522702034040229390132299851881704958,6.653062250012735499859459e-111
7/32,0.64102564102564102564102564102564102564102564102564,0,-4.3421676341748644055570292074887281472214108373937782758187743108599614562266474028648199,-4.3421676341748644055570292074887281472214108373937782758187743108599614562266474028648199,0.0
7/32,0.64102564102564102564102564102564102564102564102564,1/7,-4.34881392287072547923681916786494416602844435667666046083461958508475065222978147712608811,-4.34881392287072547923681916786494416602844435667666046083461958508475065222978147712608811,6.653062250012735499859459e-111
7/32,0.64102564102564102564102564102564102564102564102564,1/3,-4.37894992649304519105528950799465056456481303495504512877788972863587383760244520021667877,-4.37894992649304519105528950799465056456481303495504512877788972863587383760244520021667877,6.653062250012735499859459e-111
7/32,0.64102564102564102564102564102564102564102564102564,1/2,-4.42707450468433702998584583744976669890862337721432096902278070483079975187046028887540445,-4.42707450468433702998584583744976669890862337721432096902278070483079975187046028887540445,6.653062250012735499859459e-111
7/32,0.64102564102564102564102564102564102564102564102564,2/3,-4.49881044390539278166413296799617369063662912044119884797358329205896860539336353923426952,-4.49881044390539278166413296799617369063662912044119884797358329205896860539336353923426952,0.0
7/32,0.64102564102564102564102564102564102564102564102564,6/7,-4.6166150072626016430948774209956671448551616488517157723229474694280778430820314819483719,-4.6166150072626016430948774209956671448551616488517157723229474694280778430820314819483719,6.653062250012735499859459e-111
7/32,0.64102564102564102564102564102564102564102564102564,1,-4.73745188099064880380041690495954886415830419035070485203605741987706428126897571123742965,-4.73745188099064880380041690495954886415830419035070485203605741987706428126897571123742965,0.0
1/4,0.6,0,-4.35927580805681909092734582016260757500028041598684617412907827797802214628746650549528947,-4.35927580805681909092734582016260757500028041598684617412907827797802214628746650549528947,1.995918675003820649957838e-110
1/4,0.6,1/7,-4.36499550507466274732156584568313990757363284088804754571521350851030341780742710984554716,-4.36499550507466274732156584568313990757363284088804754571521350851030341780742710984554716,0.0
1/4,0.6,1/3,-4.39091951964560952166354683221430182286201505150148510857819522375160099696818865325257293,-4.39091951964560952166354683221430182286201505150148510857819522375160099696818865325257293,1.330612450002547099971892e-110
1/4,0.6,1/2,-4.43227830942548960516206374301411789067279852001752962407469666376568821032670306990735093,-4.43227830942548960516206374301411789067279852001752962407469666376568821032670306990735093,6.653062250012735499859459e-111
1/4,0.6,2/3,-4.49382492674232797491369605665930511360153302181483794592757782915525911569620990173611312,-4.49382492674232797491369605665930511360153302181483794592757782915525911569620990173611312,6.653062250012735499859459e-111
1/4,0.6,6/7,-4.59457729509311632922239152413284172562191498515352232728823471983559529013660503792272605,-4.59457729509311632922239152413284172562191498515352232728823471983559529013660503792272605,0.0
1/4,0.6,1,-4.69744030136811759979388090499122243319366004493442132181269994685175397432916487476785267,-4.69744030136811759979388090499122243319366004493442132181269994685175397432916487476785267,1.330612450002547099971892e-110
9/32,0.56097560975609756097560975609756097560975609756098,0,-4.37545878554393960730748338388742835515784854471124480726100465912754851924944484153208438,-4.37545878554393960730748338388742835515784854471124480726100465912754851924944484153208438,6.653062250012735499859459e-111
9/32,0.56097560975609756097560975609756097560975609756098,1/7,-4.38028874136266347713678681233344541264975159359511996166534836489580432279096858086588624,-4.38028874136266347713678681233344541264975159359511996166534836489580432279096858086588624,6.653062250012735499859459e-111
9/32,0.56097560975609756097560975609756097560975609756098,1/3,-4.40217874928570346577434801550221338399521894969714564679373864281816453498792498461845121,-4.40217874928570346577434801550221338399521894969714564679373864281816453498792498461845121,6.653062250012735499859459e-111
9/32,0.56097560975609756097560975609756097560975609756098,1/2,-4.43709304129418806026716544278440195471936728751710741853051834246846136372932918608267475,-4.43709304129418806026716544278440195471936728751710741853051834246846136372932918608267475,0.0
9/32,0.56097560975609756097560975609756097560975609756098,2/3,-4.48901437586954863416311485758497199592159419230021875972694553827573872254574792816297853,-4.48901437586954863416311485758497199592159419230021875972694553827573872254574792816297853,1.330612450002547099971892e-110
9/32,0.56097560975609756097560975609756097560975609756098,6/7,-4.57386536103233073708250812502031192620192587703967294228769807839641652277160159563332893,-4.57386536103233073708250812502031192620192587703967294228769807839641652277160159563332893,6.653062250012735499859459e-111
9/32,0.56097560975609756097560975609756097560975609756098,1,-4.66023358723399446231122557984439326136043934028779477795457655151377906519430788563380827,-4.66023358723399446231122557984439326136043934028779477795457655151377906519430788563380827,6.653062250012735499859459e-111
5/16,0.52380952380952380952380952380952380952380952380952,0,-4.39078647278628077461569499702126633370884045517719278231443185160035495999466128691592451,-4.39078647278628077461569499702126633370884045517719278231443185160035495999466128691592451,0.0
5/16,0.52380952380952380952380952380952380952380952380952,1/7,-4.39476177395963356022979366980377142757924747303993579901460703589323515475173207753050745,-4.39476177395963356022979366980377142757924747303993579901460703589323515475173207753050745,0.0
5/16,0.52380952380952380952380952380952380952380952380952,1/3,-4.41278638391641687511590485071735712013238936652858099533443267255296636894101934145478615,-4.41278638391641687511590485071735712013238936652858099533443267255296636894101934145478615,0.0
5/16,0.52380952380952380952380952380952380952380952380952,1/2,-4.44155754306828393186271393236922050657079445519336819316244942628267967513689821285353013,-4.44155754306828393186271393236922050657079445519336819316244942628267967513689821285353013,6.653062250012735499859459e-111
5/16,0.52380952380952380952380952380952380952380952380952,2/3,-4.48437545531653469443608655564536045243815530579207804215690780325130025254339803385311554,-4.48437545531653469443608655564536045243815530579207804215690780325130025254339803385311554,6.653062250012735499859459e-111
5/16,0.52380952380952380952380952380952380952380952380952,6/7,-4.55436925183413738780199234005594413765018589557563414184489993064789789558288087145473279,-4.55436925183413738780199234005594413765018589557563414184489993064789789558288087145473279,6.653062250012735499859459e-111
5/16,0.52380952380952380952380952380952380952380952380952,1,-4.62555537252547155119921541397586988955780639043954179518478425447596675210186616291155749,-4.62555537252547155119921541397586988955780639043954179518478425447596675210186616291155749,6.653062250012735499859459e-111
11/32,0.48837209302325581395348837209302325581395348837209,0,-4.40532216803062132197541420744276075149474461876201299224161794969737373578704683332938204,-4.40532216803062132197541420744276075149474461876201299224161794969737373578704683332938204,1.330612450002547099971892e-110
11/32,0.48837209302325581395348837209302325581395348837209,1/7,-4.40847620355060008519098064934235974366682409944891577815836202128190716954581570938866268,-4.40847620355060008519098064934235974366682409944891577815836202128190716954581570938866268,1.330612450002547099971892e-110
11/32,0.48837209302325581395348837209302325581395348837209,1/3,-4.42279511228596683074255820603524993075888097476933785781699715056814516175023321315239373,-4.42279511228596683074255820603524993075888097476933785781699715056814516175023321315239373,6.653062250012735499859459e-111
11/32,0.48837209302325581395348837209302325581395348837209,1/2,-4.44570593667039781259716433023545339961831705594475030887225776674417644419312927154719452,-4.44570593667039781259716433023545339961831705594475030887225776674417644419312927154719452,0.0
11/32,0.48837209302325581395348837209302325581395348837209,2/3,-4.47990387653713578966961147569473215809887056977146911104585307589193930201317340661912675,-4.47990387653713578966961147569473215809887056977146911104585307589193930201317340661912675,6.653062250012735499859459e-111
11/32,0.48837209302325581395348837209302325581395348837209,6/7,-4.53599027064515099829638467426461250308798328757077905366107160120537565418970026049803971,-4.53599027064515099829638467426461250308798328757077905366107160120537565418970026049803971,6.653062250012735499859459e-111
11/32,0.48837209302325581395348837209302325581395348837209,1,-4.59316376171096462719530574354322216023345112139568520621505018744405286689673986775546182,-4.59316376171096462719530574354322216023345112139568520621505018744405286689673986775546182,6.653062250012735499859459e-111
3/8,0.45454545454545454545454545454545454545454545454545,0,-4.41912329699207241682944745609862903640636902598208253243393020945979936295637934731650857,-4.41912329699207241682944745609862903640636902598208253243393020945979936295637934731650857,0.0
3/8,0.45454545454545454545454545454545454545454545454545,1/7,-4.42148782913988282358925535492648936767161126817601615835335882817654850371632547830573366,-4.42148782913988282358925535492648936767161126817601615835335882817654850371632547830573366,1.330612450002547099971892e-110
3/8,0.45454545454545454545454545454545454545454545454545,1/3,-4.43225228484305671184186898731110081905516306274594750159781221080875065072852832761708892,-4.43225228484305671184186898731110081905516306274594750159781221080875065072852832761708892,6.653062250012735499859459e-111
3/8,0.45454545454545454545454545454545454545454545454545,1/2,-4.44956828788523553857394329795631451391006399893326374840951062637903750237971333332793422,-4.44956828788523553857394329795631451391006399893326374840951062637903750237971333332793422,0.0
3/8,0.45454545454545454545454545454545454545454545454545,2/3,-4.47559469552481941919878921820336160669363007727449060639060566111482453236178576676255072,-4.47559469552481941919878921820336160669363007727449060639060566111482453236178576676255072,0.0
3/8,0.45454545454545454545454545454545454545454545454545,6/7,-4.51863964308106994282174646099069166447082357431644630424517081859724884749326160181930911,-4.51863964308106994282174646099069166447082357431644630424517081859724884749326160181930911,6.653062250012735499859459e-111
3/8,0.45454545454545454545454545454545454545454545454545,1,-4.56284618588279500920811436972704877490241704706503938076325402526976376643919813085667166,-4.56284618588279500920811436972704877490241704706503938076325402526976376643919813085667166,6.653062250012735499859459e-111
13/32,0.42222222222222222222222222222222222222222222222222,0,-4.43224205561968990958005747993412469630518094049933923299548622678406244425473737022782958,-4.43224205561968990958005747993412469630518094049933923299548622678406244425473737022782958,1.995918675003820649957838e-110
13/32,0.42222222222222222222222222222222222222222222222222,1/7,-4.43384729310975157927977214260361629183083248880761134548026175949594396411192965429842854,-4.43384729310975157927977214260361629183083248880761134548026175949594396411192965429842854,6.653062250012735499859459e-111
13/32,0.42222222222222222222222222222222222222222222222222,1/3,-4.44120055252872505295143867064257626406788955463649538058278589438562375297976575804400109,-4.44120055252872505295143867064257626406788955463649538058278589438562375297976575804400109,0.0
13/32,0.42222222222222222222222222222222222222222222222222,1/2,-4.45317116598703022673678387686573491316429590499791340357544982942785354204105982480786321,-4.45317116598703022673678387686573491316429590499791340357544982942785354204105982480786321,1.330612450002547099971892e-110
13/32,0.42222222222222222222222222222222222222222222222222,2/3,-4.47144253961288915355808974634155148168713110562055902915414898454027585311864168287672223,-4.47144253961288915355808974634155148168713110562055902915414898454027585311864168287672223,6.653062250012735499859459e-111
13/32,0.42222222222222222222222222222222222222222222222222,6/7,-4.50223735770817946047855072659075488087497995632982183051345566558642820542468528879570511,-4.50223735770817946047855072659075488087497995632982183051345566558642820542468528879570511,6.653062250012735499859459e-111
13/32,0.42222222222222222222222222222222222222222222222222,1,-4.5344151452684918366390895809963096733241692659713630522612894212898171121664659218480841,-4.5344151452684918366390895809963096733241692659713630522612894212898171121664659218480841,1.330612450002547099971892e-110
7/16,0.39130434782608695652173913043478260869565217391304,0,-4.44472597306892135530511442919398804598452015587198853993265098452110103827930066179690392,-4.44472597306892135530511442919398804598452015587198853993265098452110103827930066179690392,6.653062250012735499859459e-111
7/16,0.39130434782608695652173913043478260869565217391304,1/7,-4.44560064484885568649685914305319118008808353839885617134200277780157805057458490280591022,-4.44560064484885568649685914305319118008808353839885617134200277780157805057458490280591022,6.653062250012735499859459e-111
7/16,0.39130434782608695652173913043478260869565217391304,1/3,-4.44967841861820786120482899388973235052950907001908106309322021846905987315048127889012966,-4.44967841861820786120482899388973235052950907001908106309322021846905987315048127889012966,1.330612450002547099971892e-110
7/16,0.39130434782608695652173913043478260869565217391304,1/2,-4.45653811652729844154973541375042581623845648931271152994380343234038318283240621888039282,-4.45653811652729844154973541375042581623845648931271152994380343234038318283240621888039282,0.0
7/16,0.39130434782608695652173913043478260869565217391304,2/3,-4.46744178003807230508677081449024201492236191838732197129641933448753897615660506960054704,-4.46744178003807230508677081449024201492236191838732197129641933448753897615660506960054704,6.653062250012735499859459e-111
7/16,0.39130434782608695652173913043478260869565217391304,6/7,-4.48671115694252665224484137267950334255357181114063746954126262011805205162016512145059128,-4.48671115694252665224484137267950334255357181114063746954126262011805205162016512145059128,2.661224900005094199943784e-110
7/16,0.39130434782608695652173913043478260869565217391304,1,-4.50770466601121510399676325982487038135594894046754931129114893116335688174655978535029865,-4.50770466601121510399676325982487038135594894046754931129114893116335688174655978535029865,6.653062250012735499859459e-111
15/32,0.36170212765957446808510638297872340425531914893617,0,-4.45661840579446198154416737577612743895928626618589737835889418028142655456741767010713085,-4.45661840579446198154416737577612743895928626618589737835889418028142655456741767010713085,6.653062250012735499859459e-111
15/32,0.36170212765957446808510638297872340425531914893617,1/7,-4.45678983429447683060266004397024991604400184650723009009490790827567318052797616749434976,-4.45678983429447683060266004397024991604400184650723009009490790827567318052797616749434976,6.653062250012735499859459e-111
15/32,0.36170212765957446808510638297872340425531914893617,1/3,-4.45772071672259342435173421973040690843907957623192688647701152966491842742296467658469833,-4.45772071672259342435173421973040690843907957623192688647701152966491842742296467658469833,6.653062250012735499859459e-111
15/32,0.36170212765957446808510638297872340425531914893617,1/2,-4.45969006210894228317372210120956933974256534285899882138094044395568592654276180654192969,-4.45969006210894228317372210120956933974256534285899882138094044395568592654276180654192969,0.0
15/32,0.36170212765957446808510638297872340425531914893617,2/3,-4.46358666260426033980918640588271048720499118647623522492198174112340914816376179858269635,-4.46358666260426033980918640588271048720499118647623522492198174112340914816376179858269635,6.653062250012735499859459e-111
15/32,0.36170212765957446808510638297872340425531914893617,6/7,-4.47199565761561532325785411856145062046964253299960123585634671431824144948658578576850013,-4.47199565761561532325785411856145062046964253299960123585634671431824144948658578576850013,1.330612450002547099971892e-110
15/32,0.36170212765957446808510638297872340425531914893617,1,-4.48256733608302042661344398091970211358460853835895117059003503901272543292908989292334074,-4.48256733608302042661344398091970211358460853835895117059003503901272543292908989292334074,0.0
17/32,0.30612244897959183673469387755102040816326530612245,0,-4.47878393489886174096308328064944317447161198277183784025134665490456437651050666986073973,-4.47878393489886174096308328064944317447161198277183784025134665490456437651050666986073973,6.653062250012735499859459e-111
17/32,0.30612244897959183673469387755102040816326530612245,1/7,-4.47762557513506626506031654230548149330340276885317084115093274860227465753851961276455842,-4.47762557513506626506031654230548149330340276885317084115093274860227465753851961276455842,1.330612450002547099971892e-110
17/32,0.30612244897959183673469387755102040816326530612245,1/3,-4.47262203217584665893319854794840058602873631156530966520199609229906186949005826397210798,-4.47262203217584665893319854794840058602873631156530966520199609229906186949005826397210798,6.653062250012735499859459e-111
17/32,0.30612244897959183673469387755102040816326530612245,1/2,-4.46542150910897908979937319628494056949636611409524533861476057251792867686440575283529082,-4.46542150910897908979937319628494056949636611409524533861476057251792867686440575283529082,6.653062250012735499859459e-111
17/32,0.30612244897959183673469387755102040816326530612245,2/3,-4.45629027468587660531435243591634708548362044105087191520870092087324929575431742408398185,-4.45629027468587660531435243591634708548362044105087191520870092087324929575431742408398185,6.653062250012735499859459e-111
17/32,0.30612244897959183673469387755102040816326530612245,6/7,-4.44476509327685447199901417006038026452155933132873274940625419769485681596563166336491375,-4.44476509327685447199901417006038026452155933132873274940625419769485681596563166336491375,0.0
17/32,0.30612244897959183673469387755102040816326530612245,1,-4.43650072197763941704615432959008695151779980858706561109192244768591411865716883574567756,-4.43650072197763941704615432959008695151779980858706561109192244768591411865716883574567756,6.653062250012735499859459e-111
9/16,0.28,0,-4.48912654007949128696218280120799774606221717776927894078282536967969459715960515209975348,-4.48912654007949128696218280120799774606221717776927894078282536967969459715960515209975348,6.653062250012735499859459e-111
9/16,0.28,1/7,-4.48733917281293389170698640975999221738764653726868436613210815294777853219645339909436014,-4.48733917281293389170698640975999221738764653726868436613210815294777853219645339909436014,6.653062250012735499859459e-111
9/16,0.28,1/3,-4.47953584388505048037333081793955958655460710330505148319201413565599799418475827096834548,-4.47953584388505048037333081793955958655460710330505148319201413565599799418475827096834548,0.0
9/16,0.28,1/2,-4.46803256653687333132917254955062031349640318596038968275516942987934269344174137686069666,-4.46803256653687333132917254955062031349640318596038968275516942987934269344174137686069666,1.995918675003820649957838e-110
9/16,0.28,2/3,-4.45283763325775570908075130447334712169664487368412370536965449543915730047557289675572154,-4.45283763325775570908075130447334712169664487368412370536965449543915730047557289675572154,6.653062250012735499859459e-111
9/16,0.28,6/7,-4.43214719427839161352247077795833067719272225173097684770947858826930040764657526129689756,-4.43214719427839161352247077795833067719272225173097684770947858826930040764657526129689756,6.653062250012735499859459e-111
9/16,0.28,1,-4.41534886565283165863875637393145973911135927930941225120100162457665663408200287381536815,-4.41534886565283165863875637393145973911135927930941225120100162457665663408200287381536815,6.653062250012735499859459e-111
19/32,0.25490196078431372549019607843137254901960784313725,0,-4.49901731532052498674036193489778427243851986986591178537540856499649075146533428436880225,-4.49901731532052498674036193489778427243851986986591178537540856499649075146533428436880225,2.661224900005094199943784e-110
19/32,0.25490196078431372549019607843137254901960784313725,1/7,-4.49662333273059160926092876542974286722308480623342945281705204104514124404837350505314639,-4.49662333273059160926092876542974286722308480623342945281705204104514124404837350505314639,6.653062250012735499859459e-111
19/32,0.25490196078431372549019607843137254901960784313725,1/3,-4.48612426787789205778935490676409890136511693421809955827737600145869163656623942807576948,-4.48612426787789205778935490676409890136511693421809955827737600145869163656623942807576948,1.995918675003820649957838e-110
19/32,0.25490196078431372549019607843137254901960784313725,1/2,-4.4704921935617636743324313130576796754928405324419230284258403038556153506623801857640199,-4.4704921935617636743324313130576796754928405324419230284258403038556153506623801857640199,6.653062250012735499859459e-111
19/32,0.25490196078431372549019607843137254901960784313725,2/3,-4.44950798462405460941080382533213644445393457458055037847295900196225840835131701513549247,-4.44950798462405460941080382533213644445393457458055037847295900196225840835131701513549247,0.0
19/32,0.25490196078431372549019607843137254901960784313725,6/7,-4.4201332248935170562596168065601563030358160588995046464104296589262005877668129994831122,-4.4201332248935170562596168065601563030358160588995046464104296589262005877668129994831122,6.653062250012735499859459e-111
19/32,0.25490196078431372549019607843137254901960784313725,1,-4.39532170868835447931181739203729741128337135387370335337213665449873717449032135906431465,-4.39532170868835447931181739203729741128337135387370335337213665449873717449032135906431465,0.0
5/8,0.23076923076923076923076923076923076923076923076923,0,-4.50848433534625704523884939827180541715827684103110863311819713714186169634541240003092353,-4.50848433534625704523884939827180541715827684103110863311819713714186169634541240003092353,1.330612450002547099971892e-110
5/8,0.23076923076923076923076923076923076923076923076923,1/7,-4.50550505823405726380755690198490485344395440049018285916410105537570101274241706991456998,-4.50550505823405726380755690198490485344395440049018285916410105537570101274241706991456998,6.653062250012735499859459e-111
5/8,0.23076923076923076923076923076923076923076923076923,1/3,-4.49240905156703816968674539415334077650983160521764463684076961095337202934683121544990225,-4.49240905156703816968674539415334077650983160521764463684076961095337202934683121544990225,6.653062250012735499859459e-111
5/8,0.23076923076923076923076923076923076923076923076923,1/2,-4.47281242341164430652492983147764372314768922917115859129753137106472291282962895585305769,-4.47281242341164430652492983147764372314768922917115859129753137106472291282962895585305769,6.653062250012735499859459e-111
5/8,0.23076923076923076923076923076923076923076923076923,2/3,-4.44629599747400264880630731892014446499685035412334980275506048924513429047608681486802911,-4.44629599747400264880630731892014446499685035412334980275506048924513429047608681486802911,6.653062250012735499859459e-111
5/8,0.23076923076923076923076923076923076923076923076923,6/7,-4.40868240180050439481175307460381055731512264134465374646346312133363839101859230945789017,-4.40868240180050439481175307460381055731512264134465374646346312133363839101859230945789017,0.0
5/8,0.23076923076923076923076923076923076923076923076923,1,-4.3763340748355304929164009908157242319077988138852038013025430370808181494459900405670604,-4.3763340748355304929164009908157242319077988138852038013025430370808181494459900405670604,6.653062250012735499859459e-111
21/32,0.20754716981132075471698113207547169811320754716981,0,-4.51755345733646948100143085992021779847967070931276153141704162857904882976242449603708041,-4.51755345733646948100143085992021779847967070931276153141704162857904882976242449603708041,6.653062250012735499859459e-111
21/32,0.20754716981132075471698113207547169811320754716981,1/7,-4.51400919380303537997386750489198019933172325805131332094016679130448033154517584857207304,-4.51400919380303537997386750489198019933172325805131332094016679130448033154517584857207304,1.330612450002547099971892e-110
21/32,0.20754716981132075471698113207547169811320754716981,1/3,-4.49841009579556613094214761032885535587852712899985632233505414248550597869354940223450322,-4.49841009579556613094214761032885535587852712899985632233505414248550597869354940223450322,1.330612450002547099971892e-110
21/32,0.20754716981132075471698113207547169811320754716981,1/2,-4.47500410330895908067927081363157101309963831488479162079254194969282645561095025892101343,-4.47500410330895908067927081363157101309963831488479162079254194969282645561095025892101343,0.0
21/32,0.20754716981132075471698113207547169811320754716981,2/3,-4.44319652446152255227156566905013579291209895958429138495713637812210457337383257707359541,-4.44319652446152255227156566905013579291209895958429138495713637812210457337383257707359541,6.653062250012735499859459e-111
21/32,0.20754716981132075471698113207547169811320754716981,6/7,-4.39775742024319106383549586585625984330987575551839361939300859885866462772053450110523448,-4.39775742024319106383549586585625984330987575551839361939300859885866462772053450110523448,6.653062250012735499859459e-111
21/32,0.20754716981132075471698113207547169811320754716981,1,-4.35830903121948440476283919951003125144618765699350950924515575269044130939680770087602125,-4.35830903121948440476283919951003125144618765699350950924515575269044130939680770087602125,1.995918675003820649957838e-110
11/16,0.18518518518518518518518518518518518518518518518519,0,-4.52624853039744965453465113845789927848572455012991762091845140194037778162422896077362869,-4.52624853039744965453465113845789927848572455012991762091845140194037778162422896077362869,6.653062250012735499859459e-111
11/16,0.18518518518518518518518518518518518518518518518519,1/7,-4.52215863152700994613933823731477941080072435504806347262073807493192811553154916238716038,-4.52215863152700994613933823731477941080072435504806347262073807493192811553154916238716038,2.661224900005094199943784e-110
11/16,0.18518518518518518518518518518518518518518518518519,1/3,-4.50414564238130380941849765875404453704534868972919888532029737556743022605872312158009981,-4.50414564238130380941849765875404453704534868972919888532029737556743022605872312158009981,0.0
11/16,0.18518518518518518518518518518518518518518518518519,1/2,-4.47707703196381527969537474856727624627669770537438519603780605870252084704108553341685223,-4.47707703196381527969537474856727624627669770537438519603780605870252084704108553341685223,6.653062250012735499859459e-111
11/16,0.18518518518518518518518518518518518518518518518519,2/3,-4.44020461359034520508510201012111578679288512474120951602791152325465196920350912750992407,-4.44020461359034520508510201012111578679288512474120951602791152325465196920350912750992407,6.653062250012735499859459e-111
11/16,0.18518518518518518518518518518518518518518518518519,6/7,-4.38732410140965957879630709304669587706436648659569037337008923830596255396881235554419403,-4.38732410140965957879630709304669587706436648659569037337008923830596255396881235554419403,6.653062250012735499859459e-111
11/16,0.18518518518518518518518518518518518518518518518519,1,-4.3411769267150765896184897464729789220849257626151042990441916230780524664640503425147516,-4.3411769267150765896184897464729789220849257626151042990441916230780524664640503425147516,1.330612450002547099971892e-110
23/32,0.16363636363636363636363636363636363636363636363636,0,-4.53459158226866182889545711682586243018718671228017565585446179534666745924766303835566759,-4.53459158226866182889545711682586243018718671228017565585446179534666745924766303835566759,6.653062250012735499859459e-111
23/32,0.16363636363636363636363636363636363636363636363636,1/7,-4.52997449485090839941597404693629545118209987817174558128904694395656810504279306874890042,-4.52997449485090839941597404693629545118209987817174558128904694395656810504279306874890042,1.330612450002547099971892e-110
23/32,0.16363636363636363636363636363636363636363636363636,1/3,-4.50963243972492226020139759800894870033461413127656176101926553737126259377991651879234389,-4.50963243972492226020139759800894870033461413127656176101926553737126259377991651879234389,1.330612450002547099971892e-110
23/32,0.16363636363636363636363636363636363636363636363636,1/2,-4.47904007892923028040856897815272289400599259825463285091238336849943206674509367167891538,-4.47904007892923028040856897815272289400599259825463285091238336849943206674509367167891538,6.653062250012735499859459e-111
23/32,0.16363636363636363636363636363636363636363636363636,2/3,-4.43731551435958641009601591878183838930911844642830493307513052098226804674346663051309912,-4.43731551435958641009601591878183838930911844642830493307513052098226804674346663051309912,6.653062250012735499859459e-111
23/32,0.16363636363636363636363636363636363636363636363636,6/7,-4.37735108064439270292996535288567075323857881791270973854700924051332573867081768939982844,-4.37735108064439270292996535288567075323857881791270973854700924051332573867081768939982844,0.0
23/32,0.16363636363636363636363636363636363636363636363636,1,-4.32487456067481460755109857917812991608111963830100331266398226538053488178445027873887133,-4.32487456067481460755109857917812991608111963830100331266398226538053488178445027873887133,0.0
3/4,0.14285714285714285714285714285714285714285714285714,0,-4.54260298603506285220631998672029811642124121769234986988680406291291365979111722563689691,-4.54260298603506285220631998672029811642124121769234986988680406291291365979111722563689691,1.330612450002547099971892e-110
3/4,0.14285714285714285714285714285714285714285714285714,1/7,-4.53747630239410676857875620041850666209419653053413955215150650646449375157376937500411447,-4.53747630239410676857875620041850666209419653053413955215150650646449375157376937500411447,6.653062250012735499859459e-111
3/4,0.14285714285714285714285714285714285714285714285714,1/3,-4.51488588936024985463596041457617414816792165729917018357946953657639616678683285812527077,-4.51488588936024985463596041457617414816792165729917018357946953657639616678683285812527077,6.653062250012735499859459e-111
3/4,0.14285714285714285714285714285714285714285714285714,1/2,-4.48090128847993647303103223748051344216211731575697748170983861868908143615839850325442109,-4.48090128847993647303103223748051344216211731575697748170983861868908143615839850325442109,1.330612450002547099971892e-110
3/4,0.14285714285714285714285714285714285714285714285714,2/3,-4.43452467993305866346722991014981705240848203195370886664217639929853531435033928023172795,-4.43452467993305866346722991014981705240848203195370886664217639929853531435033928023172795,1.995918675003820649957838e-110
3/4,0.14285714285714285714285714285714285714285714285714,6/7,-4.36780953124766803978341381712093688491763433513008348670773278504294074304437205745358945,-4.36780953124766803978341381712093688491763433513008348670773278504294074304437205745358945,1.995918675003820649957838e-110
3/4,0.14285714285714285714285714285714285714285714285714,1,-4.30934446198545484718153579355894465105550024660340883167640362816657268726637647867038291,-4.30934446198545484718153579355894465105550024660340883167640362816657268726637647867038291,0.0
25/32,0.12280701754385964912280701754385964912280701754386,0,-4.55030160924534821924334941748867348556809015297981811287626002838899796376227635480137442,-4.55030160924534821924334941748867348556809015297981811287626002838899796376227635480137442,6.653062250012735499859459e-111
25/32,0.12280701754385964912280701754385964912280701754386,1/7,-4.5446821142668304399312278190367404208581381289200591754751107540834460723413823831995268,-4.5446821142668304399312278190367404208581381289200591754751107540834460723413823831995268,0.0
25/32,0.12280701754385964912280701754385964912280701754386,1/3,-4.51992017590967307840343025517611268296993778506399836135862022155043849588870462452245496,-4.51992017590967307840343025517611268296993778506399836135862022155043849588870462452245496,6.653062250012735499859459e-111
25/32,0.12280701754385964912280701754385964912280701754386,1/2,-4.48266797024904693250598621830291583863630335587607273986214790150261346140870274151815797,-4.48266797024904693250598621830291583863630335587607273986214790150261346140870274151815797,6.653062250012735499859459e-111
25/32,0.12280701754385964912280701754385964912280701754386,2/3,-4.43182776631870826773058846634249834132137923358226863678329867597285211999987507767090414,-4.43182776631870826773058846634249834132137923358226863678329867597285211999987507767090414,6.653062250012735499859459e-111
25/32,0.12280701754385964912280701754385964912280701754386,6/7,-4.35867291934579660614939395726099698529700509591331617972532265702973748673992272474484391,-4.35867291934579660614939395726099698529700509591331617972532265702973748673992272474484391,6.653062250012735499859459e-111
25/32,0.12280701754385964912280701754385964912280701754386,1,-4.29453426185221289775032064127705222019209314652205150537127146994139974518427743874038921,-4.29453426185221289775032064127705222019209314652205150537127146994139974518427743874038921,6.653062250012735499859459e-111
13/16,0.10344827586206896551724137931034482758620689655172,0,-4.55770494751993250318594370161438800157547577836171311811149888460192062627241414854573297,-4.55770494751993250318594370161438800157547577836171311811149888460192062627241414854573297,0.0
13/16,0.10344827586206896551724137931034482758620689655172,1/7,-4.55160866298383389166322661352652660651542643458745334115267850624417573360377509977017471,-4.55160866298383389166322661352652660651542643458745334115267850624417573360377509977017471,6.653062250012735499859459e-111
13/16,0.10344827586206896551724137931034482758620689655172,1/3,-4.52474838255691731523887982001884137578637392833432920357389971866447818560049075128564303,-4.52474838255691731523887982001884137578637392833432920357389971866447818560049075128564303,1.330612450002547099971892e-110
13/16,0.10344827586206896551724137931034482758620689655172,1/2,-4.48434677850371790675153735962703396349534052553134656929234777039633776093088895158552087,-4.48434677850371790675153735962703396349534052553134656929234777039633776093088895158552087,1.995918675003820649957838e-110
13/16,0.10344827586206896551724137931034482758620689655172,2/3,-4.42922062932805948987399563327267812248913839172096286599071081918295043261262746290798576,-4.42922062932805948987399563327267812248913839172096286599071081918295043261262746290798576,0.0
13/16,0.10344827586206896551724137931034482758620689655172,6/7,-4.34991678593827694549646680285609930939886393314741685585116039103101808151553337812113892,-4.34991678593827694549646680285609930939886393314741685585116039103101808151553337812113892,6.653062250012735499859459e-111
13/16,0.10344827586206896551724137931034482758620689655172,1,-4.28039614648995064715224325780364490155664339255414736849011594883777817791627196687254969,-4.28039614648995064715224325780364490155664339255414736849011594883777817791627196687254969,1.995918675003820649957838e-110
27/32,0.084745762711864406779661016949152542372881355932203,0,-4.56482924446106558405679243510247120522077982486431053389313377461535635354831428891403802,-4.56482924446106558405679243510247120522077982486431053389313377461535635354831428891403802,1.330612450002547099971892e-110
27/32,0.084745762711864406779661016949152542372881355932203,1/7,-4.55827147079796412620844717441820802086801243492701614376056533158110113135210837172874005,-4.55827147079796412620844717441820802086801243492701614376056533158110113135210837172874005,6.653062250012735499859459e-111
27/32,0.084745762711864406779661016949152542372881355932203,1/3,-4.52938259385306978647732971676879168962553035533220313135325145266714625999396258588530731,-4.52938259385306978647732971676879168962553035533220313135325145266714625999396258588530731,1.330612450002547099971892e-110
27/32,0.084745762711864406779661016949152542372881355932203,1/2,-4.48594378164811412914529912789337457735773104470903805627335870368954284167650343138857071,-4.48594378164811412914529912789337457735773104470903805627335870368954284167650343138857071,0.0
27/32,0.084745762711864406779661016949152542372881355932203,2/3,-4.42669931991595292658266809692261908997834184748832457564244197891585117417127126130821172,-4.42669931991595292658266809692261908997834184748832457564244197891585117417127126130821172,6.653062250012735499859459e-111
27/32,0.084745762711864406779661016949152542372881355932203,6/7,-4.34151855275927342760838037397436356063006384749898078158309398722464287902831385957308483,-4.34151855275927342760838037397436356063006384749898078158309398722464287902831385957308483,6.653062250012735499859459e-111
27/32,0.084745762711864406779661016949152542372881355932203,1,-4.26688637817000431972426063687059157267240112175220185684946653073399812655058026911687558,-4.26688637817000431972426063687059157267240112175220185684946653073399812655058026911687558,6.653062250012735499859459e-111
7/8,0.066666666666666666666666666666666666666666666666667,0,-4.57168959944432586542450133639473275465936149529759461940204177477981696074475366156146451,-4.57168959944432586542450133639473275465936149529759461940204177477981696074475366156146451,6.653062250012735499859459e-111
7/8,0.066666666666666666666666666666666666666666666666667,1/7,-4.56468495503859036736907164379271924816985260126659060266653716026909709266659777163779622,-4.56468495503859036736907164379271924816985260126659060266653716026909709266659777163779622,1.995918675003820649957838e-110
7/8,0.066666666666666666666666666666666666666666666666667,1/3,-4.53383398742045632492628682420058686655415106822897481325890487686280720036953862228898658,-4.53383398742045632492628682420058686655415106822897481325890487686280720036953862228898658,6.653062250012735499859459e-111
7/8,0.066666666666666666666666666666666666666666666666667,1/2,-4.48746452329846251120766220110834150572042708007353053517383964032053273489599395497992178,-4.48746452329846251120766220110834150572042708007353053517383964032053273489599395497992178,6.653062250012735499859459e-111
7/8,0.066666666666666666666666666666666666666666666666667,2/3,-4.42426007836782223074879464214384989078961991996507291139885682623300501737564274267777354,-4.42426007836782223074879464214384989078961991996507291139885682623300501737564274267777354,1.330612450002547099971892e-110
7/8,0.066666666666666666666666666666666666666666666666667,6/7,-4.33345734904485836460110612182424745713834771562060568196318665692914050367419003288442433,-4.33345734904485836460110612182424745713834771562060568196318665692914050367419003288442433,1.330612450002547099971892e-110
7/8,0.066666666666666666666666666666666666666666666666667,1,-4.25396487493147517773861134645615900941924001501408416565397914778193465103475523053305552,-4.25396487493147517773861134645615900941924001501408416565397914778193465103475523053305552,6.653062250012735499859459e-111
29/32,0.049180327868852459016393442622950819672131147540984,0,-4.57830006467006552253787110090555620051532985639965469746470342332212010320814938297333981,-4.57830006467006552253787110090555620051532985639965469746470342332212010320814938297333981,1.995918675003820649957838e-110
29/32,0.049180327868852459016393442622950819672131147540984,1/7,-4.57086252283585671181997033358099090649665642547683660424588756456615295593763255439603166,-4.57086252283585671181997033358099090649665642547683660424588756456615295593763255439603166,1.330612450002547099971892e-110
29/32,0.049180327868852459016393442622950819672131147540984,1/3,-4.53811291590552598137285440919031332504520677841937419857958569346554139950004200733199872,-4.53811291590552598137285440919031332504520677841937419857958569346554139950004200733199872,1.330612450002547099971892e-110
29/32,0.049180327868852459016393442622950819672131147540984,1/2,-4.48891407607187941055752726704684631044784575605113739817171096310784380895078623145555323,-4.48891407607187941055752726704684631044784575605113739817171096310784380895078623145555323,1.330612450002547099971892e-110
29/32,0.049180327868852459016393442622950819672131147540984,2/3,-4.42189932769725897000822500023621500296480353657137474810433835340788346698843529205787673,-4.42189932769725897000822500023621500296480353657137474810433835340788346698843529205787673,3.326531125006367749929729e-110
29/32,0.049180327868852459016393442622950819672131147540984,6/7,-4.32571385668590934769406323885739628678878215409286341195670862049426337056415224417023533,-4.32571385668590934769406323885739628678878215409286341195670862049426337056415224417023533,0.0
29/32,0.049180327868852459016393442622950819672131147540984,1,-4.24159484079693093502888616504216099475873530856033579481807226025288785799067771787214278,-4.24159484079693093502888616504216099475873530856033579481807226025288785799067771787214278,1.995918675003820649957838e-110
15/16,0.032258064516129032258064516129032258064516129032258,0,-4.58467373268037213817170467096097486825086847267479798460642688316832468726132779497567957,-4.58467373268037213817170467096097486825086847267479798460642688316832468726132779497567957,6.653062250012735499859459e-111
15/16,0.032258064516129032258064516129032258064516129032258,1/7,-4.57681665643620197872849762327540598808209095859733978191142236975151805643136841394288068,-4.57681665643620197872849762327540598808209095859733978191142236975151805643136841394288068,2.661224900005094199943784e-110
15/16,0.032258064516129032258064516129032258064516129032258,1/3,-4.54222898035012729323504676868515676849777689779265516487365639152672876019188776172575053,-4.54222898035012729323504676868515676849777689779265516487365639152672876019188776172575053,3.326531125006367749929729e-110
15/16,0.032258064516129032258064516129032258064516129032258,1/2,-4.49029708906078802307837053116317984230850397070238668148200181798792784499398202870722527,-4.49029708906078802307837053116317984230850397070238668148200181798792784499398202870722527,3.326531125006367749929729e-110
15/16,0.032258064516129032258064516129032258064516129032258,2/3,-4.41961366653447040634957409479966851680227127885259774104056101599544316527036090101625987,-4.41961366653447040634957409479966851680227127885259774104056101599544316527036090101625987,2.661224900005094199943784e-110
15/16,0.032258064516129032258064516129032258064516129032258,6/7,-4.31827017157935237141790789650806351343336505903326027519327295330933326258442684733501569,-4.31827017157935237141790789650806351343336505903326027519327295330933326258442684733501569,6.653062250012735499859459e-111
15/16,0.032258064516129032258064516129032258064516129032258,1,-4.22974243959778648356425708918069615052709303745067546494446899756789838100768454574183711,-4.22974243959778648356425708918069615052709303745067546494446899756789838100768454574183711,6.653062250012735499859459e-111
31/32,0.015873015873015873015873015873015873015873015873016,0,-4.59082281539767738523094629938606709328445185315409274319432468720324196028241862336959965,-4.59082281539767738523094629938606709328445185315409274319432468720324196028241862336959965,6.653062250012735499859459e-111
31/32,0.015873015873015873015873015873015873015873015873016,1/7,-4.58255899016332217918870491830206733498787150953337830926668974654916306770728366069030558,-4.58255899016332217918870491830206733498787150953337830926668974654916306770728366069030558,2.661224900005094199943784e-110
31/32,0.015873015873015873015873015873015873015873015873016,1/3,-4.54619109599542046707944869027223059192055501312952970615031960068321226342892430091715592,-4.54619109599542046707944869027223059192055501312952970615031960068321226342892430091715592,1.995918675003820649957838e-110
31/32,0.015873015873015873015873015873015873015873015873016,1/2,-4.49161782982227524242801899820726306641200275872736249999492444349183081888969728000683854,-4.49161782982227524242801899820726306641200275872736249999492444349183081888969728000683854,6.653062250012735499859459e-111
31/32,0.015873015873015873015873015873015873015873015873016,2/3,-4.41739986172162352472156099089118504133888314566231880744256858938144211664581910635007358,-4.41739986172162352472156099089118504133888314566231880744256858938144211664581910635007358,1.995918675003820649957838e-110
31/32,0.015873015873015873015873015873015873015873015873016,6/7,-4.31110967927597958564114237510428887539082685851049897238597553082582071962434847522284433,-4.31110967927597958564114237510428887539082685851049897238597553082582071962434847522284433,3.991837350007641299915675e-110
31/32,0.015873015873015873015873015873015873015873015873016,1,-4.21837650656429195348042341583880760671365790780212934162426649940252524372472775260932457,-4.21837650656429195348042341583880760671365790780212934162426649940252524372472775260932457,6.653062250012735499859459e-110
