index,e_lo,e_hi,q_lo,q_hi,exceeds_target,phi_prime_lower,phi_prime_upper
0,15/1601,1/100,99/101,793/808,True,0.0005415852980838714162751786042230447347062070754731527196047872757898790925520772704363184981274999502,0.002349835324003981579195226885340324663162870073281942479171809657765259099849442094627180664859472032
1,7/801,15/1601,793/808,397/404,True,0.0005433285255183471681037991957272213938185121252579980158375398548109361859786070321247077990225109758,0.002355221084934490738683523223958349739965753330026410892985244466833620299548009003256750530428440676
2,13/1603,7/801,397/404,795/808,True,0.0005450740527020893131791924401949720574747722332898410504799705818920778856385686730722868252942157245,0.002360615187465599913093031254120445900039214145360607250828997082462002770236151711099978865821181807
3,3/401,13/1603,795/808,199/202,True,0.0005468218784111318616591477588243726219722371399462740852780384714138773673611961091711398052832497926,0.002366017640019800610597906806927659996738837610673102541937471297226487825491936196183587549480334929
4,11/1605,3/401,199/202,797/808,True,0.0005485720014138190125248266237697955571470113771494673834201378323376200002033560137387539466346878986,0.002371428451033072442254606965673144067090967806106067153442481820162043096842556870424365413077665372
5,5/803,11/1605,797/808,399/404,True,0.0005503243970668434983891807579370642189089765867124104561745249699028631551162033322822943675652857345,0.002376847628954943420657689306733936316474246534462650214444316850671059529214505436227419941245554150
6,9/1607,5/803,399/404,799/808,True,0.0005520790528843304766676575329021656742706097894596375118312437372522793833554568187899704981390532535,0.002382275182248550498321049591143448047936849196538205738900174864208171318683259160914914213165826267
7,1/201,9/1607,799/808,100/101,True,0.0005538360019883968691983017690884592666237661621030654328186112630110556484157603006198289129905303804,0.002387711119390700346719400542929238662046532300595425283355636430160682235348500457547372727161433791
8,7/1609,1/201,100/101,801/808,True,0.0005555952431160703594278739225200314204107779768413691415689959408611819152770006627115640182915691739,0.002393155453916356659911734600575909973791371299519578515911527647685782623749722008361919446703813386
9,3/805,7/1609,801/808,401/404,True,0.0005573567749966684257407099901580803785267632029733409525383921874684222376784367287207335675787060205,0.002398608189587022963023048694759099498845217770140884805794240465146237684292582931737091350875545252
10,5/1611,3/805,401/404,803/808,True,0.0005591205963517943734031497588121025346435229463763270160471585854879553288244221528566969480941407454,0.002404069333557753818154510611191878327659695680882215225993289904024740100252902464767752151220359455
11,1/403,5/1611,803/808,201/202,True,0.0005608867058953334068948396555475941863794239366818923743875274388312550047758652646400723118057652245,0.002409538894353632737450883458660921472220842757266537462753256572592074836597883349318607796347968716
12,3/1613,1/403,201/202,805/808,True,0.0005626550916029018501649382062974533661725477249074067062330200949940646559572341880618758994891906056,0.002415016974973466240858150325887843904719429883988996304801640093059899765925450658882628471298025904
13,1/807,3/1613,805/808,403/404,True,0.0005644257524388871296149354778727062503915529490188295757222726775444774719008121721547916022459820061,0.002420504945557835043311050736032135289317761640377642553768643470255089737785270973265799684304554412
14,1/1615,1/807,403/404,807/808,True,0.0005661986974652423051592903070291058241161524994592813820665754204153508879258761622148553750812028345,0.002426001371336652074440334079332134911326448139883535506948714530326181072452452000254274057306641363
15,0/1,1/1615,807/808,1/1,True,0.0005679735807188383175023290445399305710069846730945237217756838151281488881892631001861511085784556041,0.002431506318601153618701985909104628375869929785325590143601351270961186973195968707188536452698765075
