e,q,psi_original,psi_stable_q,phi_original,phi_stable_q,abs_psi_difference,abs_phi_difference
0,1.0,-4.465426817141640717243463789914658605243669149763784876759158945651360280267576027125726370873040336,-4.465426817141640717243463789914658605243669149763784876759158945651360280267576027125726370873040336,0.0,0.0,0.0,0.0
1/100000000,0.99999998000000019999999800000001999999980000000199999998,-4.46542681702243238299844851375912394332977519646905169549556947613327858272366603831808981847761288,-4.46542681702243238299844851375912394332977519646905169549556947613327858272366603831808981847761288,0.0000000000149010417806269095194418327392367441618416476579486836897602121929887486009545690494284320767357934,0.0000000000149010417806269095194418327392367441618416476579486836897602121929887486009545690494284320767357934,0.0,0.0
1/1000000,0.999998000001999998000001999998000001999998000001999998000002,-4.465426805220830241320630157551325503875786988057059742450328582503051878037330435057241392537496653,-4.465426805220830241320630157551325503875786988057059742450328582503051878037330435057241392537496653,0.00000000149010130949035420404541663767098527021334064178860379539353855027878069900856062229194296038317527,0.00000000149010130949035420404541663767098527021334064178860379539353855027878069900856062229194296038317527,6.65306225001273549985945893164e-111,8.31632781251591937482432366455e-112
1/10000,0.999800019998000199980001999800019998000199980001999800019998,-4.465425625290046087148771930602608987533091427421340035183545656656903615960987579132346667223724214,-4.465425625290046087148771930602608987533091427421340035183545656656903615960987579132346667223724214,0.0000001489814493287618364824140062022138222152928056051969516611243070830383235559991724629561645152481395,0.0000001489814493287618364824140062022138222152928056051969516611243070830383235559991724629561645152481395,0.0,0.0
1/1000,0.998001998001998001998001998001998001998001998001998001998002,-4.465414919455277917844481182316163875833852552336931600166508521880757699975989824261337206053809093,-4.465414919455277917844481182316163875833852552336931600166508521880757699975989824261337206053809093,0.000001487210795349924872825949811841176227074678356659574081302971325322536448275358048645602403905388037,0.000001487210795349924872825949811841176227074678356659574081302971325322536448275358048645602403905388037,0.0,0.0
1/100,0.980198019801980198019801980198019801980198019801980198019802,-4.465309894091641428634573599742712758139914128075456826614655564123608870142377847248972050496017341,-4.465309894091641428634573599742712758139914128075456826614655564123608870142377847248972050496017341,0.0000146153812499110761112737714932308879693777110410062680629226909689262656497724845942900471278743816,0.0000146153812499110761112737714932308879693777110410062680629226909689262656497724845942900471278743816,0.0,0.0
1/10,0.818181818181818181818181818181818181818181818181818181818182,-4.464437081529579744144601243197287775402152111957534324213135119453622377603298317107604237701351311,-4.464437081529579744144601243197287775402152111957534324213135119453622377603298317107604237701351311,0.0001237169515076216373578183396713537301896297257813190682529782747172378330347137522652666464611281052,0.0001237169515076216373578183396713537301896297257813190682529782747172378330347137522652666464611281052,0.0,0.0
1/2,0.333333333333333333333333333333333333333333333333333333333333,-4.462744571324801228530939787776494618581864894348439739228677667648712977740578002024364847219753797,-4.462744571324801228530939787776494618581864894348439739228677667648712977740578002024364847219753797,0.0003352807271049360890655002672704983327255319269181421913101597503309128158747531376701904566608174586,0.0003352807271049360890655002672704983327255319269181421913101597503309128158747531376701904566608174586,6.65306225001273549985945893164e-111,8.31632781251591937482432366455e-112
9/10,0.0526315789473684210526315789473684210526315789473684210526316,-4.46241303257546223513562006492967639054814917312644657680784777205043332599108924167559092044016764,-4.46241303257546223513562006492967639054814917312644657680784777205043332599108924167559092044016764,0.0003767230707723102634804656231227768369399970796672874939138967001158692845608481812669313041090870289,0.0003767230707723102634804656231227768369399970796672874939138967001158692845608481812669313041090870289,0.0,0.0
99/100,0.00502512562814070351758793969849246231155778894472361809045226,-4.462404619743496818079261029016213124919772512541969227489211988810129194691238052203693340597368789,-4.462404619743496818079261029016213124919772512541969227489211988810129194691238052203693340597368789,0.00037777467476798739552534511230568504048707965272695615874336960515388569704224686525412878445894346,0.00037777467476798739552534511230568504048707965272695615874336960515388569704224686525412878445894346,0.0,0.0
199/200,0.00250626566416040100250626566416040100250626566416040100250627,-4.462404561597091044241517651161043559163226383772694885907850725654632560090296541122901686759361647,-4.462404561597091044241517651161043559163226383772694885907850725654632560090296541122901686759361647,0.0003777819430687091252432673442018807600553457488862488564135274995909650221599357503530855142098362225,0.0003777819430687091252432673442018807600553457488862488564135274995909650221599357503530855142098362225,0.0,0.0
1/32,0.939393939393939393939393939393939393939393939393939393939394,-4.465075954201109349467839899770890988872218515786655375535186371666089721488571880800071519629455411,-4.465075954201109349467839899770890988872218515786655375535186371666089721488571880800071519629455411,0.00004385786756642097195298626797095204643132924714118765299657174815881984737551829070685640544811567877,0.00004385786756642097195298626797095204643132924714118765299657174815881984737551829070685640544811567877,6.65306225001273549985945893164e-111,8.31632781251591937482432366455e-112
1/16,0.882352941176470588235294117647058823529411764705882352941176,-4.464764805499119598656423994564748707893047368990511656989558384635600165651468582437096650737215107,-4.464764805499119598656423994564748707893047368990511656989558384635600165651468582437096650737215107,0.00008275145531513982337997441873873716882772259665915247120007012697001432701343058607871501697815367543,0.00008275145531513982337997441873873716882772259665915247120007012697001432701343058607871501697815367543,0.0,0.0
3/32,0.828571428571428571428571428571428571428571428571428571428571,-4.464488529571514965256849251298784800863746929626302529799016258812748612608401283016012589348412032,-4.464488529571514965256849251298784800863746929626302529799016258812748612608401283016012589348412032,0.0001172859462657189983268173269842255474902775171852933700178358548264584573968430137142226905785380232,0.0001172859462657189983268173269842255474902775171852933700178358548264584573968430137142226905785380232,0.0,0.0
1/8,0.777777777777777777777777777777777777777777777777777777777778,-4.464242955638988999546029275939011318127385166707002327215850617978409774738407616532696534426633191,-4.464242955638988999546029275939011318127385166707002327215850617978409774738407616532696534426633191,0.0001479826878314647121793142469559108895354978820978186929135409591188131911460513241287295558008931148,0.0001479826878314647121793142469559108895354978820978186929135409591188131911460513241287295558008931148,6.65306225001273549985945893164e-111,8.31632781251591937482432366455e-112
5/32,0.72972972972972972972972972972972972972972972972972972972973,-4.464024479089450246761152698059425169712358870892905005156262338419540526453314012309430591480896304,-4.464024479089450246761152698059425169712358870892905005156262338419540526453314012309430591480896304,0.0001752922565238088102888864819041794414137848588599839503620759039774692267827518520369724240180041005,0.0001752922565238088102888864819041794414137848588599839503620759039774692267827518520369724240180041005,0.0,0.0
3/16,0.684210526315789473684210526315789473684210526315789473684211,-4.463829974988841835821352996511373511813802000696028422375588999121563224269349105113230647834420266,-4.463829974988841835821352996511373511813802000696028422375588999121563224269349105113230647834420266,0.0001996052690998601777638491754106366787333936334695567979462433162246319997783652515619653798275088038,0.0001996052690998601777638491754106366787333936334695567979462433162246319997783652515619653798275088038,0.0,0.0
7/32,0.641025641025641025641025641025641025641025641025641025641026,-4.463656726229190320093604896739385622250439662800604509530559185280334224413934623421592605060663672,-4.463656726229190320093604896739385622250439662800604509530559185280334224413934623421592605060663672,0.0002212613640562996437323616469091228741536858703975459035749700463782569817051754630167207265470830714,0.0002212613640562996437323616469091228741536858703975459035749700463782569817051754630167207265470830714,0.0,0.0
1/4,0.6,-4.463502363609483134447122948669138361281406195547779331332879396214908577513578535660960995611719627,-4.463502363609483134447122948669138361281406195547779331332879396214908577513578535660960995611719627,0.0002405566915196978495426051556900304952828692770006931782849436795564628442496864330956719076650886346,0.0002405566915196978495426051556900304952828692770006931782849436795564628442496864330956719076650886346,0.0,0.0
9/32,0.560975609756097560975609756097560975609756097560975609756098,-4.463364815683654098299745318789819760269083976677613530703493127082605115113831301793980351139912494,-4.463364815683654098299745318789819760269083976677613530703493127082605115113831301793980351139912494,0.0002577501822483273679648088906048556218231466357714182569582273210943956442180906664682524666409803328,0.0002577501822483273679648088906048556218231466357714182569582273210943956442180906664682524666409803328,0.0,0.0
5/16,0.52380952380952380952380952380952380952380952380952380952381,-4.463242266634198993025725514946027600529889511492454173074795655019890107670408496036830225301959912,-4.463242266634198993025725514946027600529889511492454173074795655019890107670408496036830225301959912,0.00027306881343021552721728437107887558922245478391633796054541132893377157464594138611201819638505302,0.00027306881343021552721728437107887558922245478391633796054541132893377157464594138611201819638505302,0.0,0.0
11/32,0.488372093023255813953488372093023255813953488372093023255814,-4.463133120765435596926827799923381384772319843805076594173238928692760660323721131382203114625143475,-4.463133120765435596926827799923381384772319843805076594173238928692760660323721131382203114625143475,0.000286712047025640039579498748909652558918663244838535323240002119824952492981861967940407030987107675,0.000286712047025640039579498748909652558918663244838535323240002119824952492981861967940407030987107675,0.0,0.0
3/8,0.454545454545454545454545454545454545454545454545454545454545,-4.463035972476810728195116293059667049965187351111772532032977176283987430980517206082879474404455129,-4.463035972476810728195116293059667049965187351111772532032977176283987430980517206082879474404455129,0.0002988555831037486310434371068739444098102248315015430907727211709216061608823526303558620585731509793,0.0002988555831037486310434371068739444098102248315015430907727211709216061608823526303558620585731509793,0.0,0.0
13/32,0.422222222222222222222222222222222222222222222222222222222222,-4.462949580789022570570397814228016007123526042771170689607324617206250234536353729696541861434159803,-4.462949580789022570570397814228016007123526042771170689607324617206250234536353729696541861434159803,0.0003096545440772683341332469608303247650178883740767733939792910556387557164027871786480636798600666936,0.0003096545440772683341332469608303247650178883740767733939792910556387557164027871786480636798600666936,0.0,0.0
7/16,0.39130434782608695652173913043478260869565217391304347826087,-4.462872847665691796416940974916948901529475984317172189248948947413477712609804121110755737379104531,-4.462872847665691796416940974916948901529475984317172189248948947413477712609804121110755737379104531,0.0003192461844936151033153518747137129642741456808265859387762497797353209572214882518713291867419756073,0.0003192461844936151033153518747137129642741456808265859387762497797353209572214882518713291867419756073,0.0,0.0
15/32,0.361702127659574468085106382978723404255319148936170212765957,-4.462804799509870102860985508521963223929365581894100286175913323234033021721757265395246655760459173,-4.462804799509870102860985508521963223929365581894100286175913323234033021721757265395246655760459173,0.0003277522039713267978097851740869226642879459837105738229057028021659073182273452163099643890726453751,0.0003277522039713267978097851740869226642879459837105738229057028021659073182273452163099643890726453751,0.0,0.0
17/32,0.306122448979591836734693877551020408163265306122448979591837,-4.462691393117489721197172750650027348595872268780607961752198295753245031726240992189211794591338521,-4.462691393117489721197172750650027348595872268780607961752198295753245031726240992189211794591338521,0.0003419280030188745057863799080789070809746101228971143758700812372644060676668793670643220352127268815,0.0003419280030188745057863799080789070809746101228971143758700812372644060676668793670643220352127268815,6.65306225001273549985945893164e-111,8.31632781251591937482432366455e-112
9/16,0.28,-4.462644578196045524044957671769053457038394572992213207993196239310599607712186323194089805996650045,-4.462644578196045524044957671769053457038394572992213207993196239310599607712186323194089805996650045,0.000347779868199399149813264768200643525659322096446458595745338292595084069423712991454570609548786403,0.000347779868199399149813264768200643525659322096446458595745338292595084069423712991454570609548786403,6.65306225001273549985945893164e-111,8.31632781251591937482432366455e-112
19/32,0.254901960784313725490196078431372549019607843137254901960784,-4.462603513070803136381121449488060037345287144981699417928743448090693539221730375629388035589928993,-4.462603513070803136381121449488060037345287144981699417928743448090693539221730375629388035589928993,0.0003529130088546976077927925533248209872977505977606823538019371950833426307307064370422919103889179697,0.0003529130088546976077927925533248209872977505977606823538019371950833426307307064370422919103889179697,6.65306225001273549985945893164e-111,8.31632781251591937482432366455e-112
5/8,0.230769230769230769230769230769230769230769230769230769230769,-4.462567648717500211565505050692363539823168349264183749718462524314598133515003353719874107414940946,-4.462567648717500211565505050692363539823168349264183749718462524314598133515003353719874107414940946,0.0003573960530175632097448424027868831775626000624501408800870526670952683440715841757315329322624238289,0.0003573960530175632097448424027868831775626000624501408800870526670952683440715841757315329322624238289,0.0,0.0
21/32,0.207547169811320754716981132075471698113207547169811320754717,-4.462536493000429133883147611857573652741466897313200071446557977439753545492873833410881279086880542,-4.462536493000429133883147611857573652741466897313200071446557977439753545492873833410881279086880542,0.0003612905176514479200395222571356190627752815563231006640751210264508418468377742143556364732699743084,0.0003612905176514479200395222571356190627752815563231006640751210264508418468377742143556364732699743084,0.0,0.0
11/16,0.185185185185185185185185185185185185185185185185185185185185,-4.462509604086103961608079728573231224432224430242290208025601840443026719644210053499516694768948202,-4.462509604086103961608079728573231224432224430242290208025601840443026719644210053499516694768948202,0.0003646516319420944544230076676784226014305899401868335916946381510416950779207467032762095130115168026,0.0003646516319420944544230076676784226014305899401868335916946381510416950779207467032762095130115168026,0.0,0.0
23/32,0.163636363636363636363636363636363636363636363636363636363636,-4.462486584704935248064313419898498882688439916582567713401412636328901675605991531124771619993805441,-4.462486584704935248064313419898498882688439916582567713401412636328901675605991531124771619993805441,0.0003675290545881836473937962520199653194036541476521454197182886653073255826980620001193438599043619078,0.0003675290545881836473937962520199653194036541476521454197182886653073255826980620001193438599043619078,0.0,0.0
3/4,0.142857142857142857142857142857142857142857142857142857142857,-4.462467077140733249163563845755150105750140670444213386188377604054156935200126650662902305979096645,-4.462467077140733249163563845755150105750140670444213386188377604054156935200126650662902305979096645,0.0003699675001134335099874930199385624366910599149464363213476676996504181334311720578530081117429614656,0.0003699675001134335099874930199385624366910599149464363213476676996504181334311720578530081117429614656,6.65306225001273549985945893164e-111,8.31632781251591937482432366455e-112
25/32,0.122807017543859649122807017543859649122807017543859649122807,-4.462450758846413806498640387182409042810824324273845124308875594440013030318726886019727948542798656,-4.462450758846413806498640387182409042810824324273845124308875594440013030318726886019727948542798656,0.0003720072869033638431029253415311953041056031862424690562854189014184062436061426382498027912802100349,0.0003720072869033638431029253415311953041056031862424690562854189014184062436061426382498027912802100349,6.65306225001273549985945893164e-111,8.31632781251591937482432366455e-112
13/16,0.103448275862068965517241379310344827586206896551724137931034,-4.462437338599743469739365252704452282191655719964861098795345985740813701549224723157577986398228235,-4.462437338599743469739365252704452282191655719964861098795345985740813701549224723157577986398228235,0.0003736848177371559380123171512757903815016787248654722454766199888183223397939129960185480593515126465,0.0003736848177371559380123171512757903815016787248654722454766199888183223397939129960185480593515126465,6.65306225001273549985945893164e-111,8.31632781251591937482432366455e-112
27/32,0.0847457627118644067796610169491525423728813559322033898305085,-4.462426553125882674178846990025261734364141655811845511657278834669334499298411324166855941753348609,-4.462426553125882674178846990025261734364141655811845511657278834669334499298411324166855941753348609,0.0003750330019697553830770999861746088599409367439924206377350138727532226211455878698588036399614659259,0.0003750330019697553830770999861746088599409367439924206377350138727532226211455878698588036399614659259,6.65306225001273549985945893164e-111,8.31632781251591937482432366455e-112
7/8,0.0666666666666666666666666666666666666666666666666666666666667,-4.462418164124314914845077095262611798930350059387835310591343311359832157196555135755652754665819121,-4.462418164124314914845077095262611798930350059387835310591343311359832157196555135755652754665819121,0.0003760816271657252997983368315058507891648862969936957709769542864410153838776114212592020259026519163,0.0003760816271657252997983368315058507891648862969936957709769542864410153838776114212592020259026519163,0.0,0.0
29/32,0.049180327868852459016393442622950819672131147540983606557377,-4.4624119556468491250231573038911856023932885775986626400310818825186388467994135403464170054416697,-4.4624119556468491250231573038911856023932885775986626400310818825186388467994135403464170054416697,0.0003768576868489490275383107529341253562975715206402795910096328915901791835203108474136706789213295582,0.0003768576868489490275383107529341253562975715206402795910096328915901791835203108474136706789213295582,0.0,0.0
15/16,0.032258064516129032258064516129032258064516129032258064516129,-4.462407731781048057461907585106968416427783522631234793171876596581460235127391321979472811189252996,-4.462407731781048057461907585106968416427783522631234793171876596581460235127391321979472811189252996,0.0003773856700740824726945256009612736019857033915687604484102936337375056425230881432816949604734175129,0.0003773856700740824726945256009612736019857033915687604484102936337375056425230881432816949604734175129,0.0,0.0
31/32,0.015873015873015873015873015873015873015873015873015873015873,-4.462405314599909582442218737532554295791958638071203926167461114560630149143245636393573200525277124,-4.462405314599909582442218737532554295791958638071203926167461114560630149143245636393573200525277124,0.0003776878177163918501556315477630386814638139615726188239622288863412663905412988415191462934704014891,0.0003776878177163918501556315477630386814638139615726188239622288863412663905412988415191462934704014891,0.0,0.0
