index,depth,e_lo,e_hi,q_lo,q_hi,q_mid,phi_lower,phi_upper,exceeds_target
0,8,1/100,4293/409600,405307/413893,99/101,40955707/41803193,0.0000003289951660397968513639698874811370840941170600803751179702451061052973226292595790725980000105655858,0.00002731005362265698437065270159107293372589976213597499168785803043468957429954773458883894970855212016,True
1,8,4293/409600,449/40960,40511/41409,405307/413893,16775288443/17138895237,0.000001027220841708624678139814425301632311558756690095176098480099737728863393428407974282287886123406903,0.00002799633632132985310227781910983805155838665517541808290822965589761457825598229418423100247350353920,True
2,7,449/40960,1221/102400,101179/103621,40511/41409,4193755771/4290841989,0.000001277730552757676362303773910313614186672309557134934102847915422283430195503591893053180500736435889,0.00002981722888120365952169926327684170760438635922871872097156323905283390062444978796836035991956592055,True
3,6,1221/102400,709/51200,50491/51909,101179/103621,5242014311/5378862489,0.0000009598744664355846443062421702335558130608688906543143257456413690005813322255534449718826173243144697,0.00003425946716892823545602718342496675338034196579109080508307410190856330678124378998940135479701500380,True
4,6,709/51200,323/20480,20157/20803,50491/51909,1048346993/1079862927,0.000003745526402742634718056887838569268172001217460681077171750260636050339905698687181225039540237285991,0.00003693962361808130495960184599031443456272049983299375625766059961568205516066873823022740696447052643,True
5,6,323/20480,453/25600,25147/26053,20157/20803,524141681/541980559,0.000006511122438753733265728795069173954690075382963108773365672804044198439213718546064361235666918304557,0.00003959900978494311550929015693070614666190092374398996661732960859240090328082153390332616256582522989,True
6,5,453/25600,1103/51200,50097/52303,25147/26053,1310220341/1362650059,0.000002759003222474405883729565975056663219383532287423966352197001339934023075346325223134604815390010204,0.00005140523492509435253889249954193807162072305561947625805122873829959778701448319082914637575228842122,True
7,5,1103/51200,13/512,499/525,50097/52303,26200061/27459075,0.000008310654012050497800217265465393580975213997663228677506731858580495847312838629729761763374390612281,0.00005646284088821610470981922772128918389201461083912340211991050373979875415654653388054668844730530497,True
8,5,13/512,1497/51200,49703/52697,499/525,26194939/27665925,0.00001378161027059567601781717351691395072869808911253284313547950103219398261718800811935993350425970336,0.00006144379256209063353735189341887260981802949401179329310748628125034280902854236116688660779792765176,True
9,5,1497/51200,847/25600,24753/26447,49703/52697,1309452041/1393677559,0.00001917314227180659992436669732877849708800709368411181624942281857436632265662030290297543098488441191,0.00006634938581324484817031176251550426048087774042410292367533610014536412002863333199275274193871808318,True
10,4,847/25600,261/6400,6139/6661,24753/26447,163618933/176163467,0.0000007846349019286868995446155497088864154515742352967224848310597102355295148162743156188203461243834322,0.00009987100810203868254254695900712306002301788093650107404408423514299886050766690364477098504745925088,True
11,4,261/6400,1241/25600,24359/26841,6139/6661,163516099/178787901,0.00001202293004009884620557121826755847288450646325698591154549222561624949125268322724454717972405667059,0.0001083295297357879886544578801046808804878875002674554369913597783654286780156211963397683637016489564,True
12,4,1241/25600,719/12800,12081/13519,24359/26841,326787721/362863479,0.00002292710511216353754284576219080102623516279332481503306180035467803150830536027360266624197499736889,0.0001165465764622780443115988620516108582752137467776675763378824382092554274836864079755035594299938233,True
13,4,719/12800,327/5120,4793/5447,12081/13519,65300887/73637993,0.00003350799803457226569939402616972109733243631345353008035336131721074724006216712397520315699303947164,0.0001245295534301209406892058813823179714081553435288105998882540187328133124770150464158768077974918132,True
14,4,327/5120,229/3200,2971/3429,4793/5447,16309117/18677763,0.00004377619132553729567508941504493490969206562372244459001770491971022058221728653046553047143570118782,0.0001322866039705443632402911297566845134023893967780678290137898394236949869174183937013650273615133541,True
15,4,229/3200,2029/25600,23571/27629,2971/3429,81455359/94739841,0.00005374174922146527818333457638705839473406602514790619739094810892017789412694872829713001229300563513,0.0001398250016379482530848791375723673156644932157279863173460266123686476699441593918759801147490157386,True
16,4,2029/25600,1113/12800,11687/13913,23571/27629,325421723/384402277,0.00006341466118558132901873701134393624992257812573474406240680757420720076074572383154683548834007485159,0.0001471508738259243654090570519551987478313514782857371979176601402725800795476277020958208447596421381,True
17,3,1113/12800,131/1280,1149/1411,11687/13913,16238197/19631243,0.0000003665552477877724493133701716418263975770087264828228536128850985082690906171219715568317913786357524,0.0002346994304870197704605975769397019214966003320519207548270460748986333157455793361164875924221090084,True
18,3,131/1280,1507/12800,11293/14307,1149/1411,16186583/20187177,0.00002307173806690166438657184614930079605443890698230236795581521537273880772826685447607073475207528896,0.0002431537398581550078483195727975427380841627627435378364607529595818403515597260761974986312873271400,True
19,3,1507/12800,213/1600,1387/1813,11293/14307,20159009/25938591,0.00004437070995191021748770671132664391602688569712286256146630444490112915756614224723197455447828926985,0.0002512580619874380328610438973393511314145784647442536378097332406607799562561280709724464579766128905,True
20,3,213/1600,1901/12800,10899/14701,1387/1813,20075087/26652913,0.00006436201220800802086657396032429487187861570687861338270083599380526806228038729271361990118970086700,0.0002590192449437101469053588679879660988856612677879005872337107602169418643309247838932739287376078795,True
21,3,1901/12800,1049/6400,5351/7449,10899/14701,79925851/109507749,0.00008313473105261037890453117762473709156022228612551251967846633458231362669107498547048949413850142119,0.0002664457920835104720450901214413286817961314825031293896470619953826968376515198539960516573606982001,True
22,3,1049/6400,459/2560,2101/3019,5351/7449,15902509/22488531,0.0001007665567684218486864920822781807120379158083740142770813819215840335897463273071087017277547128973,0.0002735511327456073370719127898315874303662011758975866272575889158481785817998807540956085680733694996,True
23,3,459/2560,623/3200,2577/3823,2101/3019,7906043/11541637,0.0001173360208142341717112944083433306695946059285345716944448396621421986601233403107762028437081460858,0.0002803419807507699534044936718690862983888390626598634211621738333330636927068844344047791920617525728,True
24,3,623/3200,2689/12800,10111/15489,2577/3823,39284753/59214447,0.0001329145881189512601187407407204837027427104985102082033472824295293575571667932145572329848281432816,0.0002868262192138151358754529191469918146562377276412891900431693654408101160441734004185611988430949654,True
25,3,2689/12800,1443/6400,4957/7843,10111/15489,78039773/121480227,0.0001475714537816975563402797526671438167256827574119735150802771675515428339029036030673809567853943780,0.0002930087352379853288123396281645167831925726935117956665507270020668122137858638046682810769437382729,True
26,2,1443/6400,41/160,119/201,4957/7843,964837/1576443,0.000003086945255647257165619670684229128332819045365690095273765549871714236711606610338179875835429936377,0.0004664357008687528072327398028130983413648937192536181311141906975432345365338978281379453100836099192,True
27,2,41/160,1837/6400,4563/8237,119/201,948683/1655637,0.00004562525070304942272170975445942642574036116226582989409211605599523266917229076645324360210456952206,0.0004590680107064017197174674955217155574232374476927877583827435617207311490380148590391999062013168711,True
28,2,1837/6400,1017/3200,2183/4217,4563/8237,18611771/34735429,0.00008303453120678562527128623524565935790141787980068325190014287009947442394618135349786338223575846514,0.0004530432968586598753301561172184015946278117490064912829442511482597570066207214044401028558029410904,True
29,2,1017/3200,2231/6400,4169/8631,2183/4217,18211073/36396927,0.0001160267563312697742797846046198231537385836047650344930541601840869247032907193929975021525382819156,0.0004480506326876550349576365700324788035088068349217138535336779211770509125205450036676268440153542773,True
30,2,2231/6400,607/1600,993/2207,4169/8631,8885783/19048617,0.0001451553147180398789099340813800780382894478306029459642471449000551802173351949915524293096418786117,0.0004438889491207044964116324995518426339635203122868235204481194169947324173167153294856502926120643019,True
31,2,607/1600,105/256,151/361,993/2207,345865/796727,0.0001709230636789311544241224079389295502838775576421096133676148761673650628017750776977339677273541802,0.0004403679354447453112677055819102053989411375860487541593108877684993217610693967474656191939204013597,True
32,2,105/256,1411/3200,1789/4611,151/361,671045/1664571,0.0001937526799098876126078152874973214222152697459422573771031469780048409879738638513760206099130024082,0.0004373407120820062443071740912036956879249255081728045028634002412605497489175326637868804444591586014,True
33,2,1411/3200,3019/6400,3381/9419,1789/4611,16220191/43431009,0.0002139751856998293803361297912680739778853337640071240631083528727661506677035020074090805488152321779,0.0004347235693656161668501716645469326600468510479517502384802847921803709178529121365323724802873744636,True
34,2,3019/6400,201/400,199/601,3381/9419,1953181/5660819,0.0002319125224513017022612792862892773976771802774874465839020915682150175377620331920901655012020033232,0.0004324220448949986677417759015701575230290521749760470659638024438427315798257733554170420339607698837,True
35,1,201/400,361/640,279/1001,199/601,183439/601601,0.00001260650910712992193369982757748527306850057176131996551617650247755378205780232756761677959691066072,0.0006717798809021958477712998277394208718447316563863141323996719765260863264498336969092047490512795631,True
36,1,361/640,1001/1600,599/2601,279/1001,662639/2603601,0.00007779333893552550736720002869411990247934285930183173827348485465588805344094869440808675180807146085,0.0006281471947702063631053248105044465205192591527797377839927835939268736051030953431665446616015563576,True
37,1,1001/1600,2199/3200,1001/5399,599/2601,2918801/14042799,0.0001295914618990274154360772744476823399395741787844808111607012981078439771090162060817091518077304074,0.0005928219550362871621404178018328285897545795673714537364316147196612532227266367873313551662032556369,True
38,1,2199/3200,599/800,201/1399,1001/5399,1242799/7553201,0.0001710106601166308825211995530122255956281919424291284799452676281189130576179442901158075305390771102,0.0005637799578645096123807045649090441243590751122004853234385763834802037263402759900970387114907221671,True
39,1,599/800,2593/3200,607/5793,201/1399,1006793/8104407,0.0002041162859471716016589143261876036913237878326914724890096621457230047773754655604464676386572162862,0.0005395726402652631186634412841479513278533504256301544898947487460402720205726635831932695978258190499,True
40,1,2593/3200,279/320,41/599,607/5793,300553/3470007,0.0002306792283181847949703837814863629800687922857042389915696608412519985449605074230602255972020068469,0.0005190856896497688963435092986242659664027942624344578660099519279392247238300429914379119431845735154,True
41,1,279/320,2987/3200,213/6187,41/599,190627/3706013,0.0002519003547908074325450531822761499880267991769480060168264093646661171324850856880945450245992572299,0.0005015852783183236138951410883488655849216933137908934040493131431908064460049205921608868448373318211,True
42,1,2987/3200,199/200,1/399,213/6187,45587/2468613,0.0002687310006464714136818529118584185081327370270493022415825668927644116570601881213624359266772599617,0.0004865190733839733564579397930529559644196351436465888077091439448947254354922428071389870263570426459,True
