"e","rho","x","H_arc_original","H_arc_compact","abs_arc_difference","H_alg_original","H_alg_compact","abs_alg_difference","H_total_original","H_total_compact","abs_total_difference","dH_original","dH_compact_direct","dH_compact_sector","abs_original_vs_direct_derivative","abs_direct_vs_sector_derivative"
0,2.4142135623730950488016887242096981,0,-4.18879020478639098461685784437267051226289253250014109463325945641042187504827866483737977,-4.18879020478639098461685784437267051226289253250014109463325945641042187504827866483738,0.e-87,0,0.e-89,0.e-89,-4.18879020478639098461685784437267051226289253250014109463325945641042187504827866483737977,-4.18879020478639098461685784437267051226289253250014109463325945641042187504827866483738,0.e-87,-0.870687489474904534189058657355403101152774004169944148103550798718912156464622906537831561,-0.87068748947490453418905865735540310115277400416994414810355079871891215646462290653783,-0.87068748947490453418905865735540310115277400416994414810355079871891215646462290653783,0.e-86,0.e-86
0,2.4142135623730950488016887242096981,0.1,-4.19578902371008585969638628328841227617540151632504845978266118304082377966533150528135115,-4.195789023710085859696386283288412276175401516325048459782661183040823779665331505281351,0.e-87,0,0.e-89,0.e-89,-4.19578902371008585969638628328841227617540151632504845978266118304082377966533150528135115,-4.195789023710085859696386283288412276175401516325048459782661183040823779665331505281351,0.e-87,-0.85098425053063229730682254983440758730093026266309849820994997800940055355567220948163606,-0.85098425053063229730682254983440758730093026266309849820994997800940055355567220948164,-0.85098425053063229730682254983440758730093026266309849820994997800940055355567220948164,0.e-86,0.e-86
0,2.4142135623730950488016887242096981,0.5,-4.37504868083641477084686409158778975061110424956870416068109953629375046415630506145808415,-4.375048680836414770846864091587789750611104249568704160681099536293750464156305061458084,0.e-87,0,0.e-89,0.e-89,-4.37504868083641477084686409158778975061110424956870416068109953629375046415630506145808415,-4.375048680836414770846864091587789750611104249568704160681099536293750464156305061458084,0.e-87,-0.32343629723390849304809058545123402099384829457123623583427278361018032918621969445762257,-0.32343629723390849304809058545123402099384829457123623583427278361018032918621969445762,-0.32343629723390849304809058545123402099384829457123623583427278361018032918621969445762,0.e-86,0.e-86
0,2.4142135623730950488016887242096981,0.9,-4.90260810932113875935559102719009983646551790965627469634450262202205778028718272134621213,-4.902608109321138759355591027190099836465517909656274696344502622022057780287182721346212,0.e-87,0,0.e-90,0.e-90,-4.90260810932113875935559102719009983646551790965627469634450262202205778028718272134621213,-4.902608109321138759355591027190099836465517909656274696344502622022057780287182721346212,0.e-87,1.4990955816235705405599631050284858107912311799241779193405785600486351304547147286432173,1.49909558162357054055996310502848581079123117992417791934057856004863513045471472864322,1.49909558162357054055996310502848581079123117992417791934057856004863513045471472864322,0.e-86,0.e-86
0,2.4142135623730950488016887242096981,1.,-5.13019932064745638217614543868402564586904267025636929240555842702559529405208840413314768,-5.130199320647456382176145438684025645869042670256369292405558427025595294052088404133148,0.e-87,0,0.e-178,0.e-178,-5.13019932064745638217614543868402564586904267025636929240555842702559529405208840413314768,-5.130199320647456382176145438684025645869042670256369292405558427025595294052088404133148,0.e-87,2.4183991523122904674587710101895409763787549974569874340931799138508309081684718449121667,2.41839915231229046745877101018954097637875499745698743409317991385083090816847184491217,2.41839915231229046745877101018954097637875499745698743409317991385083090816847184491217,0.e-86,0.e-86
0.001,2.4166289842502623477557349795101442,0,-4.18819499101534608378775622915260847324961723649491395979651497032813245706385076249736562,-4.188194991015346083787756229152608473249617236494913959796514970328132457063850762497366,0.e-87,-0.00146495287883447960377245580513404516220613928205581654043972173693880326626170203779801681,-0.00146495287883447960377245580513404516220613928205581654043972173693880326626170203779802,0.e-89,-4.18965994389418056339152868495774251841182337577696977633695469206507126033011246453516364,-4.189659943894180563391528684957742518411823375776969776336954692065071260330112464535164,0.e-87,-0.868790819874710337451294844605482129417551636129498514103257906344029778584872366765701327,-0.8687908198747103374512948446054821294175516361294985141032579063440297785848723667657,-0.8687908198747103374512948446054821294175516361294985141032579063440297785848723667657,0.e-86,0.e-86
0.001,2.4166289842502623477557349795101442,0.1,-4.19518501783354380421423504544269722072170452199248627253078136411320784375035678051062317,-4.195185017833543804214235045442697220721704521992486272530781364113207843750356780510623,0.e-87,-0.0014540544339077145456023760309068459867578885110206995643985541416656272786874743757016498,-0.00145405443390771454560237603090684598675788851102069956439855414166562727868747437570165,0.e-89,-4.19663907226745151875983742147360406670846241050350697209517991825487347102904425488632482,-4.196639072267451518759837421473604066708462410503506972095179918254873471029044254886325,0.e-87,-0.849112974146132892583257886090484758854040745083539517315466382492021363889093298003758521,-0.84911297414613289258325788609048475885404074508353951731546638249202136388909329800376,-0.84911297414613289258325788609048475885404074508353951731546638249202136388909329800376,0.e-86,0.e-86
0.001,2.4166289842502623477557349795101442,0.5,-4.37419665257867291443509671679348370305338505794627566420003442117644516187674704000138204,-4.374196652578672914435096716793483703053385057946275664200034421176445161876747040001382,0.e-87,-0.00117494990791430285770534523859439075553577963845903145405652978405835813492800083707240567,-0.00117494990791430285770534523859439075553577963845903145405652978405835813492800083707241,0.e-89,-4.37537160248658721729280206203207809380892083758473469565409095096050352001167504083845445,-4.375371602486587217292802062032078093808920837584734695654090950960503520011675040838454,0.e-87,-0.3224074094182548352061323848392676938772534856957555837151032341765382340366698777005646,-0.32240740941825483520613238483926769387725348569575558371510323417653823403666987770056,-0.32240740941825483520613238483926769387725348569575558371510323417653823403666987770056,0.e-86,0.e-86
0.001,2.4166289842502623477557349795101442,0.9,-4.90075703598597740284958407280773401716888057419470848994710669680191718309197588927580764,-4.900757035985977402849584072807734017168880574194708489947106696801917183091975889275808,0.e-87,-0.00035396801093428615024567041638140616510434550972487664628078163842313854908840081853961274,-0.000353968010934286150245670416381406165104345509724876646280781638423138549088400818539613,0.e-90,-4.90111100399691168899982974322411542333398491970443336659338747844034032164106429009434726,-4.901111003996911688999829743224115423333984919704433366593387478440340321641064290094347,0.e-87,1.4951160244827070998307365692344246328337220744147037769906111692659970003599790562435515,1.49511602448270709983073656923442463283372207441470377699061116926599700035997905624355,1.49511602448270709983073656923442463283372207441470377699061116926599700035997905624355,0.e-86,0.e-86
0.001,2.4166289842502623477557349795101442,1.,-5.12778470870784747296506532885945421979213395133003595205895362177050171956808234960207186,-5.127784708707847472965065328859454219792133951330035952058953621770501719568082349602072,0.e-87,0.e-92,0.e-91,0.e-91,-5.12778470870784747296506532885945421979213395133003595205895362177050171956808234960207186,-5.127784708707847472965065328859454219792133951330035952058953621770501719568082349602072,0.e-87,2.4108280147655886455091758111340809649831534272800044403297706764056433607091664861742928,2.41082801476558864550917581113408096498315342728000444032977067640564336070916648617429,2.41082801476558864550917581113408096498315342728000444032977067640564336070916648617429,0.e-86,0.e-86
0.1,2.6690135167262764678935209500717177,0,-4.14706445937123281571184948548803710671270098194039564836312670754118163004092829664699255,-4.147064459371232815711849485488037106712700981940395648363126707541181630040928296646993,0.e-87,-0.12018139419484498826865741195412687479232492106168241204717094239466855783686490603561755,-0.12018139419484498826865741195412687479232492106168241204717094239466855783686490603561755,0.e-89,-4.2672458535660778039805068974421639815050259030020780604102976499358501878777932026826101,-4.26724585356607780398050689744216398150502590300207806041029764993585018787779320268261,0.e-87,-0.69939294827149366832157626731903405009806569992666588470125958196311979984537134555895772,-0.69939294827149366832157626731903405009806569992666588470125958196311979984537134555896,-0.69939294827149366832157626731903405009806569992666588470125958196311979984537134555896,0.e-86,0.e-86
0.1,2.6690135167262764678935209500717177,0.1,-4.15316814848810182417559460468638120356483138732697287965967073641768666942631740809902235,-4.153168148488101824175594604686381203564831387326972879659670736417686669426317408099022,0.e-87,-0.11922912161576995423200353365290295937234755103865785482636668579325994864879050517453308,-0.11922912161576995423200353365290295937234755103865785482636668579325994864879050517453308,0.e-89,-4.27239727010387177840759813833928416293717893836563073448603742221094661807510791327355543,-4.272397270103871778407598138339284162937178938365630734486037422210946618075107913273555,0.e-87,-0.68227712877226664431750785163612442494021339033999003169138601782836631278144927009292557,-0.68227712877226664431750785163612442494021339033999003169138601782836631278144927009293,-0.68227712877226664431750785163612442494021339033999003169138601782836631278144927009293,0.e-86,0.e-86
0.1,2.6690135167262764678935209500717177,0.5,-4.30774115995279657500272137007119108002064598232082802024131044964198028693757214420138203,-4.307741159952796575002721370071191080020645982320828020241310449641980286937572144201382,0.e-87,-0.095143516130451662726234871887902842638954292886161020124467245551278646681095201772469904,-0.0951435161304516627262348718879028426389542928861610201244672455512786466810952017724699,0.e-89,-4.40288467608324823772895624195909392265960027520698904036577769519325893361866734597385194,-4.402884676083248237728956241959093922659600275206989040365777695193258933618667345973852,0.e-87,-0.2366020581058561446149288652286866125186014162796718302252308226073881453267076635372883,-0.23660205810585614461492886522868661251860141627967183022523082260738814532670766353729,-0.23660205810585614461492886522868661251860141627967183022523082260738814532670766353729,0.e-86,0.e-86
0.1,2.6690135167262764678935209500717177,0.9,-4.74280743633032225910778979703763286458136179422696349021868045347975049690065044581195098,-4.742807436330322259107789797037632864581361794226963490218680453479750496900650445811951,0.e-87,-0.027615006107199533102494921615409502718153069616772593558738705030160975866243364988938662,-0.02761500610719953310249492161540950271815306961677259355873870503016097586624336498893866,0.e-89,-4.77042244243752179221028471865304236729951486384373608377741915850991147276689381080088964,-4.77042244243752179221028471865304236729951486384373608377741915850991147276689381080089,0.e-87,1.1527036439995702790919379444790526856609049632897781995223893544143206057385363146556584,1.15270364399957027909193794447905268566090496328977819952238935441432060573853631465566,1.15270364399957027909193794447905268566090496328977819952238935441432060573853631465566,0.e-86,0.e-86
0.1,2.6690135167262764678935209500717177,1.,-4.92130723859467864118443144615918485307106105908131103943051257046344501246688204004617674,-4.921307238594678641184431446159184853071061059081311039430512570463445012466882040046177,0.e-87,0.e-90,0.e-89,0.e-89,-4.92130723859467864118443144615918485307106105908131103943051257046344501246688204004617674,-4.921307238594678641184431446159184853071061059081311039430512570463445012466882040046177,0.e-87,1.7848175880518327859060635608443924129803483365003308259700923782812706660924428720143806,1.78481758805183278590606356084439241298034833650033082597009237828127066609244287201438,1.78481758805183278590606356084439241298034833650033082597009237828127066609244287201438,0.e-86,0.e-86
0.5,4.1815405503520553917247304162117638,0,-4.1547373244505058701729773914046479632662766330017805339658707417719667976513376280075981,-4.154737324450505870172977391404647963266276633001780533965870741771966797651337628007598,0.e-87,-0.313221647621340822734337453227336686951302549103672824217817038186020933662260561954379119,-0.3132216476213408227343374532273366869513025491036728242178170381860209336622605619543791,0.e-88,-4.4679589720718466929073148446319846502175791821054533581836877799579877313135981899619772,-4.467958972071846692907314844631984650217579182105453358183687779957987731313598189961977,0.e-87,-0.2658475855978681742887970352718209893035311060518265098906721908037476815345460508203974,-0.2658475855978681742887970352718209893035311060518265098906721908037476815345460508204,-0.2658475855978681742887970352718209893035311060518265098906721908037476815345460508204,0.e-86,0.e-85
0.5,4.1815405503520553917247304162117638,0.1,-4.1574699259540194901792126879522213071422675898885058953408808841283037987809969271982951,-4.157469925954019490179212687952221307142267589888505895340880884128303798780996927198295,0.e-87,-0.310239608026750549535694052392932788969567373320524767517952365295540822551628728318806973,-0.310239608026750549535694052392932788969567373320524767517952365295540822551628728318807,0.e-88,-4.4677095339807700397149067403451540961118349632090306628588332494238446213326256555171021,-4.467709533980770039714906740345154096111834963209030662858833249423844621332625655517102,0.e-87,-0.2580337293651524172726900096419187673291414875149153441147612880516075729234829736089245,-0.25803372936515241727269000964191876732914148751491534411476128805160757292348297360892,-0.25803372936515241727269000964191876732914148751491534411476128805160757292348297360892,0.e-86,0.e-85
0.5,4.1815405503520553917247304162117638,0.5,-4.2247926178194169242625674916604513290390187534316495235766993847507120178349298433275654,-4.224792617819416924262567491660451329039018753431649523576699384750712017834929843327565,0.e-87,-0.23785302541400969569794289808000315357322065859631490246686779713786401674490784977404875,-0.2378530254140096956979428980800031535732206585963149024668677971378640167449078497740488,0.e-88,-4.4626456432334266199605103897404544826122394120279644260435671818885760345798376931016141,-4.462645643233426619960510389740454482612239412027964426043567181888576034579837693101614,0.e-87,-0.0687144359585479898684682765291158615888264890854450602700864325191126629312389805600135,-0.06871443595854798986846827652911586158882648908544506027008643251911266293123898056001,-0.06871443595854798986846827652911586158882648908544506027008643251911266293123898056001,0.e-86,0.e-85
0.5,4.1815405503520553917247304162117638,0.9,-4.395905597639836742540259010604172064634706175328328725097746333430945565162398769171456,-4.395905597639836742540259010604172064634706175328328725097746333430945565162398769171456,0.e-87,-0.06211400009210592631856990704430754294045505918444958725780026147083042250541044635835058,-0.0621140000921059263185699070443075429404550591844495872578002614708304225054104463583506,0.e-88,-4.4580195977319426688588289176484796075751612345127783123555465949017759876678092155298066,-4.458019597731942668858828917648479607575161234512778312355546594901775987667809215529807,0.e-87,0.3898805221102989565654907336660225398837721999976538491721973301798288172378427147662172,0.38988052211029895656549073366602253988377219999765384917219733017982881723784271476622,0.38988052211029895656549073366602253988377219999765384917219733017982881723784271476622,0.e-86,0.e-85
0.5,4.1815405503520553917247304162117638,1.,-4.4588718135166891031634202356935770776814593351381825969896772386752444755540690504127524,-4.458871813516689103163420235693577077681459335138182596989677238675244475554069050412752,0.e-87,0.e-89,0.e-88,0.e-88,-4.4588718135166891031634202356935770776814593351381825969896772386752444755540690504127524,-4.458871813516689103163420235693577077681459335138182596989677238675244475554069050412752,0.e-87,0.5523555388373533079007388283649245723130657501311553758534520639087386892757045084055358,0.55235553883735330790073882836492457231306575013115537585345206390873868927570450840554,0.55235553883735330790073882836492457231306575013115537585345206390873868927570450840554,0.e-86,0.e-85
0.9,10.52331294650965000248717436531386,0,-4.233271121237062087760487446865532963772325202369777373006105771599524187587994371894668,-4.2332711212370620877604874468655329637723252023697773730061057715995241875879943718947,0.e-85,-0.34372619996822966188659575914258793739666964274937222817496297286017143739271714171485216,-0.343726199968229661886595759142587937396669642749372228174962972860171437392717141714852,0.e-87,-4.57699732120529174964708320600812090116899484511914960118106874445969562498071151360952,-4.5769973212052917496470832060081209011689948451191496011810687444596956249807115136095,0.e-85,-0.039748358992954201424718871498454800834964308302508707681443262158153227482221073165443,-0.0397483589929542014247188714984548008349643083025087076814432621581532274822210731654,-0.039748358992954201424718871498454800834964308302508707681443262158153227482221073165,0.e-85,0.e-83
0.9,10.52331294650965000248717436531386,0.1,-4.2333183928281587604363547129500668562510562843448317470411926056721912899823739804734653,-4.2333183928281587604363547129500668562510562843448317470411926056721912899823739804735,0.e-85,-0.34007328965174987977627184634321711261806807317859409961474967788284447728468286840397207,-0.340073289651749879776271846343217112618068073178594099614749677882844477284682868403972,0.e-87,-4.573391682479908640212626559293283968869124357523425846655942283555035767267056848877437,-4.5733916824799086402126265592932839688691243575234258466559422835550357672670568488774,0.e-85,-0.038469240517704040172826842962828400717769014322822612102287171747666019504421235899845,-0.0384692405177040401728268429628284007177690143228226121022871717476660195044212358998,-0.0384692405177040401728268429628284007177690143228226121022871717476660195044212359,0.e-85,0.e-83
0.9,10.52331294650965000248717436531386,0.5,-4.2348420773852616623067557504378534241298624840436873132751334850350084658022855270107816,-4.2348420773852616623067557504378534241298624840436873132751334850350084658022855270108,0.e-85,-0.25378755434050850395161735276004618927028817882934708091755551395150539256295166365850278,-0.253787554340508503951617352760046189270288178829347080917555513951505392562951663658503,0.e-87,-4.4886296317257701662583731031978996134001506628730343941926889989865138583652371906692844,-4.4886296317257701662583731031978996134001506628730343941926889989865138583652371906693,0.e-85,-0.008687907961511446059537950125371607054842588740819488121169684440091221485790756074045,-0.008687907961511446059537950125371607054842588740819488121169684440091221485790756074,-0.008687907961511446059537950125371607054842588740819488121169684440091221485790756074,0.e-85,0.e-83
0.9,10.52331294650965000248717436531386,0.9,-4.2411075932141688618857590016669766653453792981051098109009900825877850313180663687129879,-4.241107593214168861885759001666976665345379298105109810900990082587785031318066368713,0.e-85,-0.06215822370051781803834259002779416527947108769040243285593729995714701057375483268890667,-0.062158223700517818038342590027794165279471087690402432855937299957147010573754832688907,0.e-87,-4.3032658169146866799241015916947708306248503857955122437569273825449320418918212014018946,-4.3032658169146866799241015916947708306248503857955122437569273825449320418918212014019,0.e-85,0.054554411081194477360408497699434352864144491986761941165735350137871698173140558965517,0.0545544110811944773604084976994343528641444919867619411657353501378716981731405589655,0.054554411081194477360408497699434352864144491986761941165735350137871698173140558966,0.e-85,0.e-84
0.9,10.52331294650965000248717436531386,1.,-4.2440263944239468196843035959464896370093001390216524688966191863686188853177536886654587,-4.24402639442394681968430359594648963700930013902165246889661918636861888531775368866546,0.e-85,0.e-89,0.e-87,0.e-87,-4.2440263944239468196843035959464896370093001390216524688966191863686188853177536886654587,-4.2440263944239468196843035959464896370093001390216524688966191863686188853177536886655,0.e-85,0.074236461466575487690695268097769742532152946952873317817969903535986893357334770416911,0.0742364614665754876906952680977697425321529469528733178179699035359868933573347704169,0.074236461466575487690695268097769742532152946952873317817969903535986893357334770417,0.e-85,0.e-84
0.99,34.056673322925887756886045925015852,0,-4.25159687812989961004921360480029974598522148916632981769572723833010230275868354019787,-4.2515968781298996100492136048002997459852214891663298176957272383301023027586835402,0.e-83,-0.3432848799641312713211007878885354803299377849869666475626675247642362980725693338302627,-0.3432848799641312713211007878885354803299377849869666475626675247642362980725693338303,0.e-85,-4.59488175809403088137031439268883522631515927415329646525839476309433860083125287402814,-4.59488175809403088137031439268883522631515927415329646525839476309433860083125287403,0.e-83,-0.00375600013535328444355761554753225407778012922576444012695221361809949096406014672289,-0.00375600013535328444355761554753225407778012922576444012695221361809949096406014672,-0.00375600013535328444355761554753225407778012922576444012695221361809949096406015,0.e-83,0.e-80
0.99,34.056673322925887756886045925015852,0.1,-4.25112839710650317487448445617252023017425366602163552697162804746960899989107107966383,-4.25112839710650317487448445617252023017425366602163552697162804746960899989107107966,0.e-83,-0.3395680442382504798166634348903763523806356797420261671360126247920578570585022637344671,-0.3395680442382504798166634348903763523806356797420261671360126247920578570585022637345,0.e-85,-4.5906964413447536546911478910628965825548893457636616941076406722616668569495733433983,-4.5906964413447536546911478910628965825548893457636616941076406722616668569495733434,0.e-83,-0.00363338641435306083580300556990924006320854705995705921404450364065141482249812814239,-0.00363338641435306083580300556990924006320854705995705921404450364065141482249812814,-0.00363338641435306083580300556990924006320854705995705921404450364065141482249813,0.e-83,0.e-80
0.99,34.056673322925887756886045925015852,0.5,-4.240289882765972726438049246854716291292138972263113294694950898320463090277535337684222,-4.24028988276597272643804924685471629129213897226311329469495089832046309027753533768,0.e-83,-0.2521924958328707594947791231768248951781936270759847014697823462148676748979132820536031,-0.2521924958328707594947791231768248951781936270759847014697823462148676748979132820536,0.e-85,-4.49248237859884348593282837003154118647033259933909799616473324453533076517544861973783,-4.49248237859884348593282837003154118647033259933909799616473324453533076517544861974,0.e-83,-0.00079735824920747001835940350342480284680673845039890269332695457611812628031462419131,-0.00079735824920747001835940350342480284680673845039890269332695457611812628031462419,-0.00079735824920747001835940350342480284680673845039890269332695457611812628031462,0.e-83,0.e-80
0.99,34.056673322925887756886045925015852,0.9,-4.217764830284446837888447371334447809249486706040243627762036586423576041267416644447042,-4.21776483028444683788844737133444780924948670604024362776203658642357604126741664445,0.e-83,-0.0610901298951115274520135792571966337005153219653056795534294617610172953142678053009935,-0.061090129895111527452013579257196633700515321965305679553429461761017295314267805301,0.e-85,-4.278854960179558365340460950591644442950002028005549307315466048184593336581684449748036,-4.27885496017955836534046095059164444295000202800554930731546604818459333658168444975,0.e-83,0.00509825125515996687746803301202816685566428345015136953111842907936662694381282268285,0.00509825125515996687746803301202816685566428345015136953111842907936662694381282268,0.005098251255159966877468033012028166855664283450151369531118429079366626943812823,0.e-83,0.e-81
0.99,34.056673322925887756886045925015852,1.,-4.210910781292017307536918089343837855216514767216018722162739804598108132518189545655873,-4.21091078129201730753691808934383785521651476721601872216273980459810813251818954566,0.e-83,0.e-88,0.e-85,0.e-85,-4.210910781292017307536918089343837855216514767216018722162739804598108132518189545655873,-4.21091078129201730753691808934383785521651476721601872216273980459810813251818954566,0.e-83,0.00689502526231937858061300041008518452445339393261992688908892487000342636648752107475,0.00689502526231937858061300041008518452445339393261992688908892487000342636648752107,0.006895025262319378580613000410085184524453393932619926889088924870003426366487521,0.e-83,0.e-81
0.999,107.93991765036526099114092711093857,0,-4.2534115690715161046033382019365642337249504651698101813623183637472356515957662894355,-4.253411569071516104603338201936564233724950465169810181362318363747235651595766289,0.e-81,-0.343160389356398868832812185349600284054387558262439894176514953405355876309542271697219,-0.3431603893563988688328121853496002840543875582624398941765149534053558763095422717,0.e-83,-4.5965719584279149734361503872861645177793380234322500755388333171525915279053085611327,-4.596571958427914973436150387286164517779338023432250075538833317152591527905308561,0.e-81,-0.0003735350583461501520986918525418226821065885887261587103353733317307892703496395847,-0.00037353505834615015209869185254182268210658858872615871033537333173078927034964,-0.00037353505834615015209869185254182268210658858872615871033537333173078927035,0.e-80,0.e-77
0.999,107.93991765036526099114092711093857,0.1,-4.2528931062566708513862038068896481201951073732259569616197785290525552796288719017294,-4.252893106256670851386203806889648120195107373225956961619778529052555279628871902,0.e-81,-0.339438322072777419424751278901761988112568656318746909942839535602649961235158725699498,-0.3394383220727774194247512789017619881125686563187469099428395356026499612351587257,0.e-83,-4.5923314283294482708109550857914101083076760295447038715626180646552052408640306274289,-4.592331428329448270810955085791410108307676029544703871562618064655205240864030627,0.e-81,-0.0003613246678538422836767819438064452306445258087360483662264203303632072540917465521,-0.00036132466785384228367678194380644523064452580873604836622642033036320725409175,-0.00036132466785384228367678194380644523064452580873604836622642033036320725409,0.e-80,0.e-77
0.999,107.93991765036526099114092711093857,0.5,-4.24086082344365306947701454922021984022000766418435422979986267772180796018606903209651,-4.240860823443653069477014549220219840220007664184354229799862677721807960186069032,0.e-81,-0.251979867854428087358663807411266701046469994102343643594456274110201103724690589678952,-0.25197986785442808735866380741126670104646999410234364359445627411020110372469058968,0.e-83,-4.4928406912980811568356783566314865412664776582866978733943189518320090639107596217755,-4.492840691298081156835678356631486541266477658286697873394318951832009063910759622,0.e-81,-0.0000790771318011690439434410384362847099056142102527775305025285279209657080790232405,-0.000079077131801169043943441038436284709905614210252777530502528527920965708079023,-0.00007907713180116904394344103843628470990561421025277753050252852792096570808,0.e-81,0.e-77
0.999,107.93991765036526099114092711093857,0.9,-4.21558738081535699782109792468975903907744098718758556922511253100213393068478617383299,-4.215587380815356997821097924689759039077440987187585569225112531002133930684786174,0.e-81,-0.060974571257521153791492604337260962942490456736956153046618927135776159554091946460021,-0.06097457125752115379149260433726096294249045673695615304661892713577615955409194646,0.e-83,-4.27656195207287815161259052902702000201993144392454172227173145813791009023887812029301,-4.27656195207287815161259052902702000201993144392454172227173145813791009023887812,0.e-81,0.0005064895203117220925863535301663645731517247984265628855904756886275301926262761917,0.000506489520311722092586353530166364573151724798426562885590475688627530192626276,0.000506489520311722092586353530166364573151724798426562885590475688627530192626,0.e-81,0.e-78
0.999,107.93991765036526099114092711093857,1.,-4.20781054166411349470144881395010129796692039059327519663781708189302917627949475349817,-4.207810541664113494701448813950101297966920390593275196637817081893029176279494753,0.e-81,0.e-87,0.e-83,0.e-83,-4.20781054166411349470144881395010129796692039059327519663781708189302917627949475349817,-4.207810541664113494701448813950101297966920390593275196637817081893029176279494753,0.e-81,0.0006845973357504677047997402937896856724495777022056661388578160956878466889832492165,0.000684597335750467704799740293789685672449577702205666138857816095687846688983249,0.000684597335750467704799740293789685672449577702205666138857816095687846688983,0.e-81,0.e-78
