index,q_lo,q_hi,q_mid,c_lower,c_upper,phi_second_lower,phi_second_upper,below_negative_target
0,0/32,1/32,1/64,-1.15098441516287555078936110732884227424708504363353055910924995721839320970925715254563564522600e-02,-1.33277409075665753577393674645038474944022251062377411859727184899709087708667646736158081260756e-03,-3.94467610623438440978214932575956390472578956728536488558856160283636062405791991148305017304293e-04,-4.16491903361455479929355233265745234200069534569929412061647452811590899089586396050494003939865e-05,true
1,1/32,2/32,3/64,-1.21569931613214701797177344427443607197854922961498902075702074438398617961725242818587919769413e-02,-1.83862888569713560707417249547832923704442618298136900842078930201999142535796189886949775424242e-03,-4.55683192455843986457467875039696077089737881858706745832766946194345405613675016760042152272891e-04,-6.30138456967334387888188714695021799008040845277800159984759379832195585757151382061702163641071e-05,true
2,2/32,3/32,5/64,-1.28157488817769205326929918092386681885399080221583457849867478135904544395531840223789378538074e-02,-2.32947584360665364454396553269073331883629079336705320214317159646801569962841715250389066286560e-03,-5.24020417505441158141338371106250666221283489656485629588419735439005598159640088042733154756538e-04,-8.73162446566733501864967549294248412738242848801600065775253452564038172323182180042390047199913e-05,true
3,3/32,4/32,7/64,-1.34917309914679498718388757918030677641366291904906877261148537383868923643981068364263730231183e-02,-2.79707419880891844760839597898033711879499742253689291712092590824660779119037574687161810621398e-03,-6.00309563768318814487948025648464135745581218253644491719832054155520296243055412826832637564281e-04,-1.14368969224865320626459100340635255783401026240605624982413957897256192252433166644211412719654e-04,true
4,4/32,5/32,9/64,-1.41791011605616212611144603954152809036871794266949228206315328022664724293865362756689588958294e-02,-3.25097320878416155925122702927489341906251651973826918720786648128954859359080937918911094750010e-03,-6.84942256055763055552702677163095687498537730694177556642006903680041912046161863299808287573287e-04,-1.44650846509012071331429718282555987701206942315014540861482828665776423628399660487601433149876e-04,true
5,5/32,6/32,11/64,-1.48943974261525146273460384164368674618843869189606430606606393448419709876969789300595994981760e-02,-3.68705407657968183546083388282218087905659916573307766629702442729445536260281849730920652170180e-03,-7.79424071853485853797656841265414992683906630532463460945673563127678520237835529184561103500282e-04,-1.78108549252501129161450976053802421633581082860829909354155710521455810052795949310496557182084e-04,true
6,6/32,7/32,13/64,-1.56228328320240260182316180272174855686910407481967158525625509452980719540444729118499738588912e-02,-4.10168149527067687030285297850184216635776663187454882747461162192188570926716871838765176724290e-03,-8.83799381983597945571404790646089579056915136472969997079999885105263071290935600908306693397107e-04,-2.14641062744610387065179966579773982384093638061733477841555489461991989745052415767066219112541e-04,true
7,7/32,8/32,15/64,-1.63579790878893688119302328415335376575923555674544208650718214373868128807004867052624153566231e-02,-4.50178559080584324290592921064764701510120835749559843332216145510633981651735229636011131342224e-03,-9.98411809563560108150038625581880960546408420865137992252918788903003715863066815506739218543891e-04,-2.54670543156635108304917158934028409279621676023751643625485701899960490776055165164742892266172e-04,true
8,8/32,9/32,17/64,-1.71040958530440560482772977995624086035582565832311351651542393187621174137454036397951827324927e-02,-4.89047357901817312301931485822172446154348597108724033627846117424598743145162195675173610536883e-03,-1.12422122029080332460720028080333782517036304662024790450820477303352727343821236062843684111226e-03,-2.98490819031870918153034354139509549654753782414992696306058421279662318814185910446272955649953e-04,true
9,9/32,10/32,19/64,-1.78580239623838531508227196623590838796600054698541706480164447373630526591248076734769069468468e-02,-5.26440362046589847612490469565745549101034082624242042748864489733403722364609387522369370710549e-03,-1.26177337582120410178962102350698452613472984814696864602112041254210838833736300555473049342917e-03,-3.46019708562975109932903820542724122901843738637403353007264037102851085177338062261860078799646e-04,true
10,10/32,11/32,21/64,-1.86202467698077628189125155734946509802731915685082005601596676312655806339163036769032648415030e-02,-5.61711017236870319493874746968060496518892837723544598580206469905964665432474333977798337674820e-03,-1.41185756676397876591041314668830796765192093089807653611813992916014911600187640804247653746927e-03,-3.96881540728046877199766085179993305836598706829662058063605660842829800916301331098052246490975e-04,true
11,11/32,12/32,23/64,-1.93937757521640555602925984628734751514229238021084727098775437050276545221626349652734520472516e-02,-5.95731968912739875573176876579302864993256073556793003140914527549830848589638268049297630467871e-03,-1.57550753943666735539242239709988985757714304080849470073529117867381641656484784782586454314526e-03,-4.51706520579769223091092814695268944616497141268538868911024964732212078846133897569613520675745e-04,true
12,12/32,13/32,25/64,-2.01797259811452079615081932009452174167263288938512912933259500106303950505042725645294219515372e-02,-6.28295959367078354111882603921606508882272562705242574632327823101340559232261421064520150522106e-03,-1.75369027140794475125544939559567731580656692548007862005646438094968294999809440368913991483100e-03,-5.10413770701648736159006192516881264234805164160569987082292683439870779014977997703171582241775e-04,true
13,13/32,14/32,27/64,-2.09743372420835033960702215796732514354237138548397153218277503063916748491017473411137826979469e-02,-6.59529164012839561712294152942079706464321637304229061085055363859900106128912611027992425264766e-03,-1.94698151568931568771351917999179420635071049859493115479033079511922842322556274337258448857055e-03,-5.73154402453136492357566878193349964633572666161993724740750027005514117917987458037622544786947e-04,true
14,14/32,15/32,29/64,-2.17772182457936722086084180946370047196552413030346878570970037303439803828668067630489317556913e-02,-6.89438909401002031556937145542447566825246753660521800715163201841899248226564045733218559454001e-03,-2.15623486512473719569621257003736280537487613468644180048692914800215060738599822860720562140574e-03,-6.39984375814971291958103504166790736813566379683499813026534322876769115690048579745183579473635e-04,true
15,15/32,16/32,31/64,-2.25897500307767859180791381245240437668543484651241220600540053882119543311089163903128030046339e-02,-7.17914137580393603820329240466663880179984090006291036924153426963047518914148728580642450013913e-03,-2.38251269855848913979740909907089524103541956468105974852132088078797955835914352554080344189498e-03,-7.10830683765499163908367564515785637206330186621886771455539524532170129358517298197060023191400e-04,true
16,16/32,17/32,33/64,-2.34098856225092595337742051946396999489191814716162697705476109670546393164528977368206684979927e-02,-7.45118197235958506020839966312289004866789317518939714797874938752630571472462775606213502963215e-03,-2.62656176910647571076297899908463102273024824233453991149440372721005560011040398200913889705690e-03,-7.85866848647299986818854651969992309820441858320756730450883724465665055849863083647178303906515e-04,true
17,17/32,18/32,35/64,-2.42388514711335782164131148248872055129066964339648435454512983033486147028173875288652919074125e-02,-7.70905896007560789109764819918707837030166462383320851728256243310682942527245026387274910051892e-03,-2.88949626340074279503978667555894917403539376663742584531918743888719257149903625593963764994293e-03,-8.64947393030104820995089734064255316913242856339791439866806209271035552076223851293911990096045e-04,true
18,18/32,19/32,37/64,-2.50786709929485656737462203122753108033439237049824526298154565804389414352223731679856763694901e-02,-7.95037710176779384915895169623004861205394674498812165802862573507275098709090668354259081253009e-03,-3.17259863461076754111109721245158410394132120455706341151967061124020196945541670141836925133631e-03,-9.47758805962537985939854585675006939417594283221736151937082497486204026590693793719123698774588e-04,true
19,19/32,20/32,39/64,-2.59283578368944128902161001144176946462185546087582318600858485507067745775231459815329257992790e-02,-8.17614512890346659547479946478517659039323288982733480976452706401749273559817326131333729111919e-03,-3.47684339402203522459745922554783173448133328097179171121878718663957420329701853768480456427099e-03,-1.03433020352761625991471063976594778050637506110046938881881168324373667609198883179328489780831e-03,true
20,20/32,21/32,41/64,-2.67882991420379546624708122537781703018502093217142017147490475686566681687180344484273920813544e-02,-8.38618297030302779935127697364037765877190674439802322605304313068208968707378236506947169162068e-03,-3.80340729844015557888476096716473833086829530066380043858212848174943808265136224229671940888958e-03,-1.12453881748997510224455294867479917702159906722671246506582859851736761734015502051132991372623e-03,true
21,21/32,22/32,43/64,-2.76596478429020690336465899647894182920203863198753558093413562201641498581885243316861369938635e-02,-8.57940606544775536245061851250758694502295869701424779186035015011176614119243468421048512067102e-03,-4.15363196176026477652943290921745392030210314891133597103321773133461732222537784134352290687725e-03,-1.21810554199759051808887551525744630967539121812380806780700049333399716167669877861137809115423e-03,true
22,22/32,23/32,45/64,-2.85458578056191703075476630054007511969766358140399656574165597105524485875925535627587126017743e-02,-8.75255166405645284746025503719702952786605467575662128566298162907121846746461152908809178164354e-03,-4.52930173150052019111465686085085866965960291248407295823352825340572703720160589123151856338520e-03,-1.31436519167803315274475250165671640164938014360746442234576772617346796489796408635742882185432e-03,true
23,23/32,24/32,47/64,-2.94514864872499831917894444952378655477189170290848590059930991814996701944476966038998390973408e-02,-8.90147002717873800419674966580869205045088066244470516641030659151036635754646265330234366340442e-03,-4.93254876226891808339051731536454486468143971727348956985138331018280609213650387457892813007220e-03,-1.41237456872164014382193968357936967839600111981796056944037891308072777055434486765210859966174e-03,true
24,24/32,25/32,49/64,-3.03751801285715380216842543639837141558141399922970374512270881619138201737722234865894952180746e-02,-9.02670801788480829671143937263201357816783802891494453432112781399807441381178074828897245609029e-03,-5.36467622141890415272690975039409253659981539496752286596784414097719774192943514266201819221580e-03,-1.51179729010473107703712094961561555532791427925675096448835294931706031442257851399566286740184e-03,true
25,25/32,26/32,51/64,-3.13141804297974593328684410002744504840408242138744551262213312796428302740495918136083283174664e-02,-9.13132291269529047471548147102814870944296067384449504582331327236141921153308314273822874436644e-03,-5.82673299028267086539709783596567972454278306390521305903176916945807638209377666276621642558814e-03,-1.61271770875051396263502517706309885401522657019737584211459813580363112262863756795227126679940e-03,true
26,26/32,27/32,53/64,-3.22680863053779338423211624710766117347777315414820150752998358298187096967691591854510134445718e-02,-9.21604342379575667784616519777492265959790671040684581350637075528083579346346960173040191506086e-03,-6.32017831546040980777938654627537101886455128312877156653404711045488050347590746340631836913367e-03,-1.71485964250911491101066683203531332965799977691736269031987668114123767217087219327242105336318e-03,true
27,27/32,28/32,55/64,-3.32406288053003644724891394975133300544452528492290982150836314693515205210984002522771803225501e-02,-9.27744740433072186686116600934892897355231194079890647247008710686781965391174476996580004854813e-03,-6.84735853380668518644109166284835747886674367469166299291426124322884410148358769845187277762491e-03,-1.81712424321559841756256047614486091962738063248571263543074991218700974721979163085060696427418e-03,true
28,28/32,29/32,57/64,-3.42334971129576806157660719921650509289019943551872434394078244299313515068019069098430561458924e-02,-9.31495186850332700381423238294160772179516773527051806020480009290487895731730385740639606375140e-03,-7.41038647479653101334304693875657598962126119683719225227377643292450723301449168424900696473197e-03,-1.91882095679923880846393031569994665900016425210803213215278322226281533697179568595865397431402e-03,true
29,29/32,30/32,59/64,-3.52468390558632734375456012861499150759349865252101703521335400361784911012476663616567926576479e-02,-9.32795358380484677962374487179696134349590401586067635780541503997412983462921113316589791936069e-03,-8.01115861750200484449707800228646942159407946451214740722969277357325308530631430496305473376456e-03,-2.01918433418808739365174983477148636122516993467719286000350085371815487288853928777420871318283e-03,true
30,30/32,31/32,61/64,-3.62830939548937353512066493620173746228396459058203191070200252087854511403535727714725244506830e-02,-9.31352911385618013031106196571212191938565807964942192209677778092603613757348512783753296086021e-03,-8.65219001211100944839779763510166022521704191190018971610358833635442323807906132773245842105859e-03,-2.11684681572639055070569493881629809646925460701626532349536977288488420543252331118322711515034e-03,true
31,31/32,32/32,63/64,-3.73431257087853950823372303077213752961897943746650303002094056209572225458687590874904081113719e-02,-9.27194749564614480194267123008642821534331899882123618505133803785314885269516399989118318600518e-03,-9.33578142719634877058430757693034382404744859366625757505235140523930563646718977187260202784296e-03,-2.21102014107115895203720008189146148296542252130341877399781410441500311963068740146712368212798e-03,true
