index,q_lo,q_hi,lower,upper
0,0/1,1/32,-0.00040229977393588854902838599713502789028755716361096718434897114891181498250877176707817152067574704703357304726379739135226820216668798531649,-0.000017928617848306782259096026737078671537557163610967184348971148911814982508771767078171520675747047033573047263797385156121138407778748807639
1,1/32,1/16,-0.00046413852498504998784708597865901084025758757622282605144749716821384160494964855907612781853665167483244669862773020054305057942664575288776,-0.000037218889810777871573444392355299902757587576222826051447497168213841604949648559076127818536651674832446698627730200543050579426645752887761
2,1/16,3/32,-0.00053315745385694645970890719591946352619221946804773028346514427909019080656526260139917726004785777308079765577790897605808490710195146367283,-0.000059281141558275350107051917904326807442219468047730283465144279090190806565262601399177260047857773080797655777908963665790779584132990655136
3,3/32,1/8,-0.00061033688376143343070921551827387907479076903716330385351694874901079305373429234105691136155233495140364598577177321684714656514017692070306,-0.000083848717218884278781982775964308762290769037163303853516948749010793053734292341056911361552334951403645985771773216847146565140176920703060
4,1/8,5/32,-0.00069624908352912528719271004478554771518948431831620780491566763525874825051912623651641571069629297388392450880905454703024768948716201650471,-0.00011108198593197515513265908043007896518948431831620780491566763525874825051912623651641571069629297388392450880905454703024768948716201650471
5,5/32,3/16,-0.00079147319233234075508053754958813401545190967010896296155325161298580994605757493579065706699856303772630662497502408443831901895080796339564,-0.00014115223352055100402768110427563401545190967010896296155325161298580994605757493579065706699856303772630662497502407204602489143298949037794
6,3/16,7/32,-0.00089727241393509541240253100457531973480551813138633523644476561184839926453545305896970572180058462827660610876142604820945380673945985307648,-0.00017356505887098830726661334100110098480551813138633523644476561184839926453545305896970572180058462827660610876142604820945380673945985307648
7,7/32,1/4,-0.0010133104159377558906112698130591158892909781637512847968473144870736522919677641387212222925771203662993387839065980377555468034729998932946,-0.00020944169124968320173368726301028776429097816375128479684731448707365229196776413872122229257712036629933878390659803775554680347299989329459
8,1/4,9/32,-0.0011404963326395533335694558857065568070608940707066474238680782880967150718110860409291812304866761445670492367624151289322762647110886240527,-0.00024867444078433767979233338814796305706089407070664742386807828809671507181108604092918123048667614456704923676241510414768800967545167801735
9,9/32,5/16,-0.0012798630458669868579457221958859235070876230936349906052466240162589971899478521597528914700044504242596693933315662311689881565958518955621,-0.00029104704016532202273110732772186100708762309363499060524662401625899718994785215975289147000445042425966939333156623116898815659585189556214
10,5/16,11/32,-0.0014321720670340864192883767289802488978124049900505698604782776469900364586280172927858680372464131619110812104398482242695159608914928343985,-0.00033662957383054794931815044113845202281240499005056986047827764699003645862801729278586803724641316191108121043984822426951596089149283439850
11,11/32,3/8,-0.0015987406873226886337529688816481042887307036998081247437414437778653977543303147051275269555956066615195846292550266238919890161525543768867,-0.00038494885985518560762515363506607303873070369980812474374144377786539775433031470512752695559560666151958462925502662389198901615255437688672
12,3/8,13/32,-0.0017798482828918019155638100908787796495926850619305385975032085131809501803789551839862653715273351509417393305116199742211159268723503012650,-0.00043658671230940277079509518609362339959268506193053859750320851318095018037895518398626537152733515094173933051161997422111592687235030126497
13,13/32,7/16,-0.0019763917003749728061133069198964238762703312939997091870190201653004674792479863986055038593370667497130546791473429031727724597736616376601,-0.00049151755556728205158049289401751762627033129399970918701902016530046747924798639860550385933706674971305467914734290317277245977366163766008
14,7/16,15/32,-0.0021893100627425907328428958268214278212124938404630678129047926245289830517052809628288412964442401157452357286069813689031352732553687851257,-0.00054968675139433128383776887369642782121249384046306781290479262452898305170528096282884129644424011574523572860698136890313527325536878512572
15,15/32,1/2,-0.0024194631267306890185771874493860701470200782835114808873457129336601124547087469095808934752787689210941834136744953760968078460855295773330,-0.00061113057819572573861464777653450764702007828351148088734571293366011245470874690958089347527876892109418341367449537609680784608552957733304
16,1/2,17/32,-0.0026677528791624385777897730475647235109049886151611495256901723654664318728851285430657726304480861032885192971420447636809747176017729458818,-0.00067585458843678086139630228340456726090498861516114952569017236546643187288512854306577263044808610328851929714204476368097471760177294588175
17,17/32,9/16,-0.0029355426791305922819218449373776887543144006090022600165738291646744807948531317037433689336088599687502713788642066609748374792968257737296,-0.00074341485882250488828037307458472000431440060900226001657382916467448079485313170374336893360885996875027137886420661140566096922555188165878
18,9/16,19/32,-0.0032239217605910488954400620460129101307823069712897648358142187843992703098397490627309447584556096281004784763429120736641505472940573690468,-0.00081364599355759486468788003917697263078230697128976483581421878439927030983974906273094475845560962810047847634291207366415054729405736904676
19,19/32,5/8,-0.0035339318846857642549234229020175702706313888218969342451190091052248795920735934108901512816188615948793887472934907016020292320232379645987,-0.00088645482081151583969171819010350777063138882189693424511900910522487959207359341089015128161886159487938874729349070160202923202323796459871
20,5/8,21/32,-0.0038668638933122340872313632206807750411509458870112745627091330020253971872383631488899521754606831878058919684858430386518347435654520136907,-0.00096149960311229306304713623093468129115094588701127456270913300202539718723836314888995217546068318780589196848584303865183474356545201369073
21,21/32,11/16,-0.0042239692258004983291899701395187033781397323478483876654578033021299570523715766624824126883834303840491023817557013381544511351064549415035,-0.0010384918961205006913220425882491721281397323478483876654578033021299570523715766624824126883834303840491023817557012390160981149639071573619
22,11/16,23/32,-0.0046077621866088893841507414412133702909397910472703966788444242793640235670552522497602209771666897129413200822502596122684559577131790059078,-0.0011158949038900036941769102644555577909397910472703966788444242793640235670552522497602209771666897129413200822502596122684559577131790059078
23,23/32,3/4,-0.0050196726483170891816128558481660199420626431688091373343074749006822502403942240577141011544981252587686653661580558957909382564691734030141,-0.0011932675665355304891575641001191449420626431688091373343074749006822502403942240577141011544981252587686653661580558957909382564691734030141
24,3/4,25/32,-0.0054616482516242640320398305328029993689694024509904865179624266124898691338386388883767573012410157153157971065497007797433271773495771541558,-0.0012696722037465760711767171294826868689694024509904865179624266124898691338386388883767573012410157153157971065497006806049741572070293700143
25,25/32,13/16,-0.0059345898303707065499298111198014107774881407404691454895128293249774058620707106889099892583867809604153439488626468241068767061392737359222,-0.0013452205281044291770927444694107857774881407404691454895128293249774058620707106889099892583867809604153439488626468241068767061392737359222
26,13/16,27/32,-0.0064399842271341915451808271011521706652984842915786959677542449529451594766769915072087087939910888783004412665040607776478854142637982801557,-0.0014194263607606264972014722427537331652984842915786959677542449529451594766769915072087087939910888783004412665040607776478854142637982801557
27,27/32,7/8,-0.0069807041740783744880645650343771904055245925559391925310958772284815834218390863004385525995273790006186730373072091029942896188357640459170,-0.0014905114962526851722686665968771904055245925559391925310958772284815834218390863004385525995273790006186730373072091029942896188357640459170
28,7/8,29/32,-0.0075581309629301687825780479303343807475870215955138587607234565916740173145463176883710021480072630518435333934488342635864978796236649300329,-0.0015581646857713496435742942682250057475870215955138587607234565916740173145463176883710021480072630518435333934488342635864978796236649300329
29,29/32,15/16,-0.0081744644714285975061444971483840034719856890600777542164334793279023037356796075136729450243972154939394379305879312681322004861878209788500,-0.0016213009013677371405153009813918159719856890600777542164334793279023037356796075136729450243972154939394379305879312681322004861878209788500
30,15/16,31/32,-0.0088324427832393396319986538855170061459912712364861184589422628580687511162857889574165586344406457145197269673947933410219593257310446202831,-0.0016783172230478796782137112585638811459912712364861184589422628580687511162857889574165586344406457145197269673947933410219593257310446202831
31,31/32,1/1,-0.0095358210572587046656263396852891943078343374232781419163368547058091522996813082270697423800884170212303554937961135190101491202468383591653,-0.0017266427647402230534208343141954443078343374232781419163368547058091522996813082270697423800884170212303554937961133207334430799617427908822
