index,q_lo,q_hi,mpfr_lower,mpfr_upper,mpmath_lower,mpmath_upper,mpmath_mpfr_intersect,mpfr_contains_mpmath,arb_32x10_lower,arb_32x10_upper,arb_32x10_intersects_mpfr,arb_32x10_contains_mpfr,arb_32x10_width,arb_64x20_lower,arb_64x20_upper,arb_64x20_intersects_mpfr,arb_64x20_contains_mpfr,arb_64x20_width,arb_128x20_lower,arb_128x20_upper,arb_128x20_intersects_mpfr,arb_128x20_contains_mpfr,arb_128x20_width
0,0/32,1/32,-0.000394467610623438440978214932575956390472578956728536488558856160283636062405791991148305017304293,-0.0000416491903361455479929355233265745234200069534569929412061647452811590899089586396050494003939865,-0.0003944342178958689259663556464553189172809563889340202018555306156152420266336993547172801300338314317,-0.00004167982417137394325188325473514976021999002632822283817858577490261279731662898708614648563040938478,True,True,-0.00040229977393588854902838599713502789028755716361096718434897114891181498250877176707817152067574704703357304726379739135226820216668798531649,-0.000017928617848306782259096026737078671537557163610967184348971148911814982508771767078171520675747047033573047263797385156121138407778748807639,True,True,0.000384371156087581766769289970397949218750000000000000000000000000000000000000000000000000000000000000000000000000000006196147063758909236508851,-0.00026540040327847777657276881990448597429780976467062300196789482055146017795256546163877916511562955927316949672168367934799865931350882784718,-0.00015752188975444839408323040908733173889925833920799567816040639860025261174384132254863618929292540470067015186435972069543406764980341866530,True,False,0.00010787851352402938248953841081715423539855142546262732380748842195120756620872413909014297582270415457249934485732395865256459166370540918188,-0.00024288444250715818647433310238578722827372376676044473474329503293995106894494251178519219174772898899968347286274142391060228250238160045435,-0.00017937099478006875770303042245665748646136185488153294936415131771044047763142709336513029271648455700326563311477538265582964349871625368849,True,False,0.00006351344772708942877130267992912974181236191187891178537914371522951059131351541842006189903124443199641783974796604125477263900366534676586
1,1/32,2/32,-0.000455683192455843986457467875039696077089737881858706745832766946194345405613675016760042152272891,-0.0000630138456967334387888188714695021799008040845277800159984759379832195585757151382061702163641071,-0.0004556150817246640071096090990078801088203087201320763442179778092083354328765739375883539651699587584,-0.00006307848952257100873544792533189822185475179393140043679822338870460654201110453171918474296117655875,True,True,-0.00046413852498504998784708597865901084025758757622282605144749716821384160494964855907612781853665167483244669862773020054305057942664575288776,-0.000037218889810777871573444392355299902757587576222826051447497168213841604949648559076127818536651674832446698627730200543050579426645752887761,True,True,0.000426919635174272116273641586303710937499999999999999999999999999999999999999999999999999999999999999999999999999999999999999999999999999999999,-0.00031239329972268970183910483545503970453251934507963855012974442089793398276189559548219754929651580078698054631232247715425349542141619058974,-0.00019189790833258986151280468140247265513552868866147951948941754562949715335726282669823530307328867276212885948099440365074724028766877717103,True,False,0.00012049539139009984032630015405256704939699065641815903064032687526843682940463276878396224622322712802485168683132807350350625513374741341871,-0.00028730817341180083789916996546010191515881906697639114249545265056573553249499103098119054602435482846263685507357253424938505112814114393501,-0.00021624698584485285239916078972523164101091923239510051083466574566511002295029139984028466881627189164329766127216429431860776554218096043520,True,False,0.00007106118756694798550000917573487027414789983458129063166078690490062550954469963114090587720808293681933919380140823993077728558596018349981
2,2/32,3/32,-0.000524020417505441158141338371106250666221283489656485629588419735439005598159640088042733154756538,-0.0000873162446566733501864967549294248412738242848801600065775253452564038172323182180042390047199913,-0.0005239108788689820254046794397779947893805403755782825379504589974553222848316916858666780392946544471,-0.00008742034990099701114231980997238753874787579592034174683241055545312330419641746254147945959712920041,True,True,-0.00053315745385694645970890719591946352619221946804773028346514427909019080656526260139917726004785777308079765577790897605808490710195146367283,-0.000059281141558275350107051917904326807442219468047730283465144279090190806565262601399177260047857773080797655777908963665790779584132990655136,True,True,0.000473876312298671109601855278015136718750000000000000000000000000000000000000000000000000000000000000000000000000000012392294127517818473017694,-0.00036499307992928159974043488441910092490527115764012138162592995974447441953765544797107429107254223463646800658833006882095472098300460443809,-0.00023067653330661529741827772576217702204906682130831013765142305992199026707517296111207903787610876725839181582752916361351533630636879090511,True,False,0.00013431654662266630232215715865692390285620433633181124397450689982248415246248248685899525319643346737807619076080090520743938467663581353298,-0.00033704524140561741673482454311003891776713065146051738648780389868768587988825680120411930359174493466399629388253025218267889370684355093874,-0.00025779096923428425610405246610925356010317544162641939125173687026054348742449958782967711721969690063423739877981027625414394972175592317717,True,False,0.00007925427217133316063077207700078535766395520983409799523606702842714239246375721337444218637204803402975889510271997592853494398508762776157
3,3/32,4/32,-0.000600309563768318814487948025648464135745581218253644491719832054155520296243055412826832637564281,-0.000114368969224865320626459100340635255783401026240605624982413957897256192252433166644211412719654,-0.0006001533822390689694474223053453261837860114227010357770372501569765900988220244490850161745040849188,-0.0001145176734950674906986154407621389215060095719755605406686674416597849155735694785884695176347629108,True,True,-0.00061033688376143343070921551827387907479076903716330385351694874901079305373429234105691136155233495140364598577177321684714656514017692070306,-0.000083848717218884278781982775964308762290769037163303853516948749010793053734292341056911361552334951403645985771773216847146565140176920703060,True,True,0.000526488166542549151927232742309570312500000000000000000000000000000000000000000000000000000000000000000000000000000000000000000000000000000000,-0.00042367034608039536776029848739099186840923338381454587675031038048216471232378243492801445911103212757623142142758234667772276874404429085017,-0.00027411992981331647044662001878612811526787883032947931239782842998924091949177506844052403462084443748993058480953978899197487468369433750948,True,False,0.00014955041626707889731367846860486375314135455348506656435248195049292379283200736648749042449018769008630083661804255768574789406034995334069,-0.00039251572241992166630403828943656977273509281207607125369186481969229040514409001564204474076721269995283468022764421351553684518285937855985,-0.00030432108815353277919153216417294639440022927851668189634836690641706978442601324041372130747341193839667270004833531985408311734037258363714,True,False,0.00008819463426638888711250612526362337833486353355938935734349791327522062071807677522832343329380076155616198017930889366145372784248679492271
4,4/32,5/32,-0.000684942256055763055552702677163095687498537730694177556642006903680041912046161863299808287573287,-0.000144650846509012071331429718282555987701206942315014540861482828665776423628399660487601433149876,-0.0006847329634229285435690017770079565575048013744108577551463835741881782372954004225722092477104791906,-0.0001448508748172017337264866305669968475887528981647539443078509907614388028455495399330052942611279448,True,True,-0.00069624908352912528719271004478554771518948431831620780491566763525874825051912623651641571069629297388392450880905454703024768948716201650471,-0.00011108198593197515513265908043007896518948431831620780491566763525874825051912623651641571069629297388392450880905454703024768948716201650471,True,True,0.00058516709759715013206005096435546875000000000000000000000000000000000000000000000000000000000000000000000000000000000000000000000000000000000,-0.00048877253542664709022099851478600569193738500175166706708111425570249100485450336616283780448719966674261213820544377040787251775156241066032,-0.00032246219599287934979277018410843572868349980510752256710526694816821473609023641730031470281049318214496572148762290550625199801816014394809,True,False,0.00016631033943376774042822833067756996325388519664414449997584730753427626876426694886252310167670648459764641671782086490162051973340226671223,-0.00045406761046617650297393224604441006119616889464671731869728326402015736722323711439413046332483548845226052517076321001138793251805081328390,-0.00035612818094380019818105044939790057885751573289438335889911661467721376933718125291216044451019088368737782290817727150359521100879625271814,True,False,0.00009793942952237630479288179664650948233865316175233395979816664934294359788605586148197001881464460476488270226258593850779272150925456056576
5,5/32,6/32,-0.000779424071853485853797656841265414992683906630532463460945673563127678520237835529184561103500282,-0.000178108549252501129161450976053802421633581082860829909354155710521455810052795949310496557182084,-0.0007791667338219919725932193931000959807708171124692566698019060817938851769522400495148943834246711098,-0.0001783548377979129774646056563847914909406274285339433622864423825242996760421878709472845382478343028,True,True,-0.00079147319233234075508053754958813401545190967010896296155325161298580994605757493579065706699856303772630662497502408443831901895080796339564,-0.00014115223352055100402768110427563401545190967010896296155325161298580994605757493579065706699856303772630662497502407204602489143298949037794,True,True,0.00065032095881178975105285644531250000000000000000000000000000000000000000000000000000000000000000000000000000000000001239229412751781847301770,-0.00056075341291058649141556312862804598599803660780438023128193671479747218616329673418326792344454301092828632865034273387130363116289770885426,-0.00037617749353308591239522579417159196931243738532916262926703210497161055378988648958887252928942251755674256205053418735396390697809120207316,True,False,0.00018457591937750057902033733445645401668559922247521760201490460982586163237341024459439539415512049337154376659980854651733972418480650678110,-0.00052220650838423408862301379144886074359498048298531624084942109447075892956617412310163999867438273876426244890742252561418443133289732723794,-0.00041362658865302498105030689148290110506824405979810268406272453161139729454682009010584354714858717964945857871814227580481226174127435706985,True,False,0.00010857991973120910757270689996595963852673642318721355678669656285936163501935403299579645152579555911480387018928024980937216959162297016809
6,6/32,7/32,-0.000883799381983597945571404790646089579056915136472969997079999885105263071290935600908306693397107,-0.000214641062744610387065179966579773982384093638061733477841555489461991989745052415767066219112541,-0.0008835081338555792211863963034464427622384515728425395593821484536112202727684542623638686409244917030,-0.0002149206934297113894239032069658559514696580779460907896964240447410812889099076719290237231928797135,True,True,-0.00089727241393509541240253100457531973480551813138633523644476561184839926453545305896970572180058462827660610876142604820945380673945985307648,-0.00017356505887098830726661334100110098480551813138633523644476561184839926453545305896970572180058462827660610876142604820945380673945985307648,True,True,0.00072370735506410710513591766357421875000000000000000000000000000000000000000000000000000000000000000000000000000000000000000000000000000000000,-0.00064003694999432479558622873343706313401090779293726974888609825152985819896274818564502826877983375831398477496136351805313044936353162564935,-0.00043545203000651569451497815166872540319259788461989334901352479358069734252534716027102503108155297427271998826080553790747850367540424836348,True,False,0.00020458491998780910107125058176833773081830990831737639987257345794916085643740102537400323769828078404126478670055798014565194568812737728587,-0.00059728653749653779204873406015657690012684885487205502433187634737844913863989078428613254108004749052473357573012443598749390194156151774589,-0.00047702036014538271272009476858427722138539366581080352342518817891677902569576249366044120341247782946587265622672147071100753045192205665828,True,False,0.00012026617735115507932863929157229967874145518906125150090668816846167011294412829062569133766756966105886091950340296527648637148963946108761
7,7/32,8/32,-0.000998411809563560108150038625581880960546408420865137992252918788903003715863066815506739218543891,-0.000254670543156635108304917158934028409279621676023751643625485701899960490776055165164742892266172,-0.0009980931835519005497448917452289468688832742799000610771521777064356160466588233384680158213703104511,-0.0002549777306707431094261824142870838025761893252109474264251703923610770575476528890246537047432321559,True,True,-0.0010133104159377558906112698130591158892909781637512847968473144870736522919677641387212222925771203662993387839065980377555468034729998932946,-0.00020944169124968320173368726301028776429097816375128479684731448707365229196776413872122229257712036629933878390659803775554680347299989329459,True,True,0.00080386872468807268887758255004882812500000000000000000000000000000000000000000000000000000000000000000000000000000000000000000000000000000001,-0.00072697592978941127218954695015679563022272327891599580705896173357411491654218521326231947852604499193406490425858455351044338934249586629627,-0.00050078057193015222107051366433077043114510162901996686262612669361498012435287297780002705707587590464635579957857939993166278979898487760106,True,False,0.00022619535785925905111903328582602519907762164989602894443283503995913479218931223546229242145016908728770910468000515357878059954351098869521,-0.00067966967973417392846140740226208793715742154321565092627179593759230482101761450086446642455519700422595588606466502489105054716175805558831,-0.00054680755585414421710812875910773550707428060631407380644696539205078910167216272355334244879344092586313415165850826100606715878254825878315,True,False,0.00013286212388002971135327864315435243008314093690157711982483054554151571934545177731112397576175607836282173440615676388498338837920979680516
8,8/32,9/32,-0.00112422122029080332460720028080333782517036304662024790450820477303352727343821236062843684111226,-0.000298490819031870918153034354139509549654753782414992696306058421279662318814185910446272955649953,-0.001123885489294547403017083541317197673397295371789296820424784542793888801643605862458786873028883988,-0.0002988130662864755114373573835056332788496899680223364526753123841105215414301206749482444306367846391,True,True,-0.0011404963326395533335694558857065568070608940707066474238680782880967150718110860409291812304866761445670492367624151289322762647110886240527,-0.00024867444078433767979233338814796305706089407070664742386807828809671507181108604092918123048667614456704923676241510414768800967545167801735,True,True,0.00089182189185521565377712249755859375000000000000000000000000000000000000000000000000000000000000000000000000000000002478458825503563694603535,-0.00082207995930753794907623313970121467490549218830685559703148014590704553420935865840563050327942270228285303166952915347392990204334559392189,-0.00057250336594824767973398686520430884673554925883701126605046557800654351045739083934095698219237669881646967642297273349771391886954069469655,True,False,0.00024957659335929026934224627449690582816994292946984433098101456790050202375196781906467352108704600346638335524655641997621598317380489922534,-0.00076984289792963146415405560742879447719127931139880066729106100155865069487073077368968154412365794039723423013232847820031120172839459618055,-0.00062337010168372782054535044624282374386665513374602485807487959107780655000251234396292884890715844970700426636770306339921709324677499266586,True,False,0.00014647279624590364360870516118597073332462417765277580921618141048084414486821842972675269521649949069022996376462541480109410848161960351469
9,9/32,10/32,-0.00126177337582120410178962102350698452613472984814696864602112041254210838833736300555473049342917,-0.000346019708562975109932903820542724122901843738637403353007264037102851085177338062261860078799646,-0.001261428181968426560610481921370038602735182149030808163918392413058683444665770935328021540651409711,-0.0003463521424035065260511436338931284136705316602780074352788069395710897323905462238823736280105122015,True,True,-0.0012798630458669868579457221958859235070876230936349906052466240162589971899478521597528914700044504242596693933315662311689881565958518955621,-0.00029104704016532202273110732772186100708762309363499060524662401625899718994785215975289147000445042425966939333156623116898815659585189556214,True,True,0.00098881600570166483521461486816406249999999999999999999999999999999999999999999999999999999999999999999999999999999999999999999999999999999996,-0.00092580419532201668547196602930485479708209086007012694151702415866884729296527049080611526118771257395434073376833807138741887430109799404034,-0.00065090826052357856282632808042520420702566712846734232876882034862773206629084013595982526969810990828162814719753695891491589893783781742594,True,False,0.00027489593479843812264563794887965059005642373160278461274820381004111522667443035484628999148960266567271258657080111247250297536326017661440,-0.00086822490918892886584028721575032070226185075518586357448589553331306993372047453307437998047925629816852839096213256068427751212095138737438,-0.00070701787118630684732760862196609278780034190253634912525936294962816576247057275938739073407872938458017712114112304565994250334527355210687,True,False,0.00016120703800262201851267859378422791446150885264951444922653258368490417124990177368698924640052691358835126982100951502433500877567783526751
10,10/32,11/32,-0.00141185756676397876591041314668830796765192093089807653611813992916014911600187640804247653746927,-0.000396881540728046877199766085179993305836598706829662058063605660842829800916301331098052246490975,-0.001411514864227037387210639986622742150289359234800567175223610802757834962071501899365762600584712526,-0.0003972092228342186340545788658499089737896881952625300377997691069453612258064167547967026324907881824,True,True,-0.0014321720670340864192883767289802488978124049900505698604782776469900364586280172927858680372464131619110812104398482242695159608914928343985,-0.00033662957383054794931815044113845202281240499005056986047827764699003645862801729278586803724641316191108121043984822426951596089149283439850,True,True,0.00109554249320353846997022628784179687500000000000000000000000000000000000000000000000000000000000000000000000000000000000000000000000000000000,-0.0010386869449241193890284562576110200009165766259825891781488355228632969806363638765658430233745717305520801512511059505531478248556373226519,-0.00073638253987193879284123474183774857662835916010009254303824384145652797378560774166225936446996519098497791047049830130464197624710124135108,True,False,0.00030230440505218059618722151577327142428821746588249663511059168140676900685075613490358365890460653956710224078060764924850584860853608130082,-0.00097534287028180394212248081505730433776497321715035588713190914601819364865486337223137881136351063704807608363411341168023807092610575989488,-0.00079816879905672179543384344178142187304216060645535226777144861731025839451684757937146020227421663918281830813963822839915021981325133383381,True,False,0.00017717407122508214668863737327588246472281261069500361936046052870793525413801579285991860908929399786525777549447518328108785111285442606107
11,11/32,12/32,-0.00157550753943666735539242239709988985757714304080849470073529117867381641656484784782586454314526,-0.000451706520579769223091092814695268944616497141268538868911024964732212078846133897569613520675745,-0.001575177536621992409142838218615483174545726517762686029895101359100575452792140142451202860353139937,-0.0004520289371702776683679795887675440142660787622330710351640510113388596552191287325374503496661928313,True,True,-0.0015987406873226886337529688816481042887307036998081247437414437778653977543303147051275269555956066615195846292550266238919890161525543768867,-0.00038494885985518560762515363506607303873070369980812474374144377786539775433031470512752695559560666151958462925502662389198901615255437688672,True,True,0.00121379182746750302612781524658203124999999999999999999999999999999999999999999999999999999999999999999999999999999999999999999999999999999998,-0.0011612088365506864054863349962267452028071083207115680359274756807643443729930285870480885905084419815767271552083929208972172098682590988721,-0.00082917324119506436813488798362913280409509773779222066565935365043142711972168315592011769719938281467253307253445770948651408223517632880752,True,False,0.00033203559535562203735144701259761239871201058291934737026812203033291725327134543112797089330905916690419408267393521141070312763308277006458,-0.0010916148633317207666421462168945796161100847153555452152109121629568753069003088779059840078001604552771523747975964732521842228138331121220,-0.00089710303704325908669068324790125617098178278363383534344627423203047586415999513101230363584002029217948987390138758449486713479700222432059,True,False,0.00019451182628846167995146296899332344512830193172170987176463793092639944274031374689368037196014016309766250089620888875731708801683088780141
12,12/32,13/32,-0.00175369027140794475125544939559567731580656692548007862005646438094968294999809440368913991483100,-0.000510413770701648736159006192516881264234805164160569987082292683439870779014977997703171582241775,-0.001753364351014938197570655908414175452915146207406937222140721293727486676229901885784446078682217530,-0.0005107326622875608464648348322840438493297599328006575357554438304834482172444360873054745179520172780,True,True,-0.0017798482828918019155638100908787796495926850619305385975032085131809501803789551839862653715273351509417393305116199742211159268723503012650,-0.00043658671230940277079509518609362339959268506193053859750320851318095018037895518398626537152733515094173933051161997422111592687235030126497,True,True,0.00134326157058239914476871490478515625000000000000000000000000000000000000000000000000000000000000000000000000000000000000000000000000000000003,-0.0012938067654272353042350076336947020073485306844598249263984650662868822381950864445941497766704619856438573055728369320903078573883752946185,-0.00092973798485856442514164007768096396888871115161701725780917652979707109253687563152710419912669701488547663175801221791035454787351385300157,True,False,0.00036406878056867087909336755601373803845981953284280766858928853648981114565821081306704557754376497075838067381482471417995330951486144161693,-0.0012174675969267721713681739534524938928399131669857061336380088186788547844549375845666347438066264701556351635588909572779576087759748948736,-0.0010042920526370372433598805232344616705574085180026189822985302806756391760377134104791934716848911010427830726909885736413877501421336170297,True,False,0.0002131755442897349280082934302180322222825046489830871513394785380032156084172241740874412721217353691128520908679023836365698586338412778439
13,13/32,14/32,-0.00194698151568931568771351917999179420635071049859493115479033079511922842322556274337258448857055,-0.000573154402453136492357566878193349964633572666161993724740750027005514117917987458037622544786947,-0.001946657043261783539001146817726096610106406726479893957486918398060591138969187536732432283419174085,-0.0005734708429056797404925553013488580891548710973465897871591491192191797742925219735632477568811826773,True,True,-0.0019763917003749728061133069198964238762703312939997091870190201653004674792479863986055038593370667497130546791473429031727724597736616376601,-0.00049151755556728205158049289401751762627033129399970918701902016530046747924798639860550385933706674971305467914734290317277245977366163766008,True,True,0.00148487414480769075453281402587890625000000000000000000000000000000000000000000000000000000000000000000000000000000000000000000000000000000002,-0.0014370364552958439227969783159106941594847184898925777952731779458462020555171493864791269250250521383131996503129186039513182178002648319679,-0.0010384164344886555911940205814656402426534183468285107490644708491918679898401036512787160919497791258152766690408875006855975377527912528744,True,False,0.0003986200208071883316029577344450539168313001430640670462087070966543340656770457352004108330752730124979229812720311032657206800474735790935,-0.0013533868730043647284129479057118197326565957459852343540838589623255773505308248064304442428504598014377063639989758757679361311191606174753,-0.0011201370873253819242089038225789935436676886595445114488158834398766374620965729302768258366142785950990798298687361048974845795503755597709,True,False,0.0002332497856789828042040440831328261889889070864407229052679755224489398884342518761536184062361812063386265341302397708704515515687850577044
14,14/32,15/32,-0.00215623486512473719569621257003736280537487613468644180048692914800215060738599822860720562140574,-0.000639984375814971291958103504166790736813566379683499813026534322876769115690048579745183579473635,-0.002155910704581292356243309843843009723565332348926546205671976763773702088338619263983263892401404620,-0.0006402994029465844922862295402418528503610305649023913014655013393630169467794704265912382315973470065,True,True,-0.0021893100627425907328428958268214278212124938404630678129047926245289830517052809628288412964442401157452357286069813689031352732553687851257,-0.00054968675139433128383776887369642782121249384046306781290479262452898305170528096282884129644424011574523572860698136890313527325536878512572,True,True,0.00163962331134825944900512695312499999999999999999999999999999999999999999999999999999999999999999999999999999999999999999999999999999999999998,-0.0015914376088200764952675031806394785484323887691120153095035305581870582564531088755307914853369159329724068288540984761590220737851193311081,-0.0011555251369710088760260484047036644733255983696571339908744705246612528119029102032885664945310287392396458559769692763349952449369461901409,True,False,0.0004359124718490676192414547759358140751067903994548813186290600335258054445501986722422249908058871937327609728771291998240268288481731409672,-0.0014998596887620848753418609250021684172033967052317208757719813795256224621276847916973346650847931068957152645721507926681793485706002860023,-0.0012450201661659646294427081207977354734696897029712357826228541700927275457451585580812224364434027688930117239825836442641520441381797194459,True,False,0.0002548395225961202458991528042044329437337070022604850931491272094328949163825262336161122286413903380027035405895671484040273044324205665564
15,15/32,16/32,-0.00238251269855848913979740909907089524103541956468105974852132088078797955835914352554080344189498,-0.000710830683765499163908367564515785637206330186621886771455539524532170129358517298197060023191400,-0.002382190257958567338328133952041625500762820731844812588593357051619521759311931569982269768098742788,-0.0007111445282979983191650326279624299845072207653244536280442282391517863293738013297168910815018900481,True,True,-0.0024194631267306890185771874493860701470200782835114808873457129336601124547087469095808934752787689210941834136744953760968078460855295773330,-0.00061113057819572573861464777653450764702007828351148088734571293366011245470874690958089347527876892109418341367449537609680784608552957733304,True,True,0.00180833254853496327996253967285156249999999999999999999999999999999999999999999999999999999999999999999999999999999999999999999999999999999996,-0.0017574733293154508823534836102687522555774202629469793342846022024487828256481456706436215696801641090454844610880891219712906591638119292484,-0.0012814489348348661310790599969603177856869593160756549970002229804985922192988661402085297696708321422269695755351265829835055102637588663457,True,False,0.0004760243944805847512744236133084344698904609468713243372843792219501906063492795304350918000093319668185148855529625389877851489000530629027,-0.0016573619980389774954001689156861971575338251734928542601017594599747510650304812240276497838410933579024494999308801946467091096217929398041,-0.0013793371710210907870595195600793337804022721356794425714153070808700361945539511776830228123732633035073292729445616580906704822002160759372,True,False,0.0002780248270178867083406493556068633771315530378134116886864523791047148704765300463446269714678300543951202269863185365560386274215768638669
16,16/32,17/32,-0.00262656176910647571076297899908463102273024824233453991149440372721005560011040398200913889705690,-0.000785866848647299986818854651969992309820441858320756730450883724465665055849863083647178303906515,-0.002626232443993662159403216172684757518042950132472051542065830720070016522803275212911863152676439322,-0.0007861859826928601785410579008331956569782944140718871818053766348392364243279169663779341491624048097,True,True,-0.0026677528791624385777897730475647235109049886151611495256901723654664318728851285430657726304480861032885192971420447636809747176017729458818,-0.00067585458843678086139630228340456726090498861516114952569017236546643187288512854306577263044808610328851929714204476368097471760177294588175,True,True,0.00199189829072565771639347076416015625000000000000000000000000000000000000000000000000000000000000000000000000000000000000000000000000000000005,-0.0019356878308801473516247614062900723411738363131104015113740993416940451677806033021861543183518754102831503780796579380337296598403719341469,-0.0014165655356759065524295244468607801915119519117397435543106279765802370189386890156354535950308978405246596674731420208154647151439287841444,True,False,0.0005191222952042407991952369594292921496618844013706579570634713651138081488419142865507007233209775697584907106065159172182649446964431500025,-0.0018263994694470877472991693129619972485703419467532792054746726687618500971010014214355277537379279096409764796262450905071597919275937454851,-0.0015234894593167838391975473650954311703184645674265736294742270996783748603124955026345647496123923455398103450663161935671529825218783256462,True,False,0.0003029100101303039081016219478665660782518773793267055760004455690834752367885059188009630041255355641011661345599288969400068094057154198389
17,17/32,18/32,-0.00288949626340074279503978667555894917403539376663742584531918743888719257149903625593963764994293,-0.000864947393030104820995089734064255316913242856339791439866806209271035552076223851293911990096045,-0.002889158310002768212300405555757385440824526653609616278862199222254446316888863247172857199683367260,-0.0008652739608537909666865818932540027505474757335201199361827924237392135493321920889395733278843294048,True,True,-0.0029355426791305922819218449373776887543144006090022600165738291646744807948531317037433689336088599687502713788642066609748374792968257737296,-0.00074341485882250488828037307458472000431440060900226001657382916467448079485313170374336893360885996875027137886420661140566096922555188165878,True,True,0.00219212782030808739364147186279296875000000000000000000000000000000000000000000000000000000000000000000000000000000004956917651007127389207082,-0.0021266407063231431383363854511759899699518568753779217346716600792010893383078956921523311255974703632361022439798696638165182140794878537516,-0.0015612261893294567315694050782061519669419507479856278758416746225014717973453262877814024125713690217000165528053385004214798316300083747890,True,False,0.0005654145169936864067669803729698380030099061273922938588299854566996175409625694043709287130261013415360856911745311633950383824494794789626,-0.0020074854915949380605834977643986830886878867071198651517501189362839213767750564719061755107429683930586566013691282003002077288142517456384,-0.0016778637002972211370239899917352814294723421079531621918643445719504229518964041493097739718289307690006625356802067432703415375974420752099,True,False,0.0003296217912977169235595077726634016592155445991667029598857743643334984248786523225964015389140376240579940656889214570298661912168096704285
18,18/32,19/32,-0.00317259863461076754111109721245158410394132120455706341151967061124020196945541670141836925133631,-0.000947758805962537985939854585675006939417594283221736151937082497486204026590693793719123698774588,-0.003172236779332803077258973192971030765942445066747195114073416048829281334981515228449878990680197248,-0.0009481066906928072082389336430490442263169572423252173519910399487865752678446222112755055316129903212,True,True,-0.0032239217605910488954400620460129101307823069712897648358142187843992703098397490627309447584556096281004784763429120736641505472940573690468,-0.00081364599355759486468788003917697263078230697128976483581421878439927030983974906273094475845560962810047847634291207366415054729405736904676,True,True,0.00241027576703345403075218200683593750000000000000000000000000000000000000000000000000000000000000000000000000000000000000000000000000000000004,-0.0023308946107383320858784789023802506940150511583229213314272869256705754192499970023575924208163451574100966833621214782084449516744678657631,-0.0017157742870498901993647424854873563253976992060813213606702445222284442363986132467187859699085610043557411857651817457240190070311189118465,True,False,0.0006151203236884418865137364168928943686173519522415999707570424034421311828513837556388064509077841530543554975969397324844259446433489539166,-0.0022011331262803953619576731513664678650661085363552247532587921975506341908459057645109670398177931823395985812517094119328093650372515765770,-0.0018428498568698457349771779074969501503411485485151457681894179861583011208519309460163345169604015749560414568428599479132861502777592145298,True,False,0.0003582832694105496269804952438695177147249599878400789850693742113923330699939748184946325228573916073835571244088494640195232147594923620472
19,19/32,20/32,-0.00347684339402203522459745922554783173448133328097179171121878718663957420329701853768480456427099,-0.00103433020352761625991471063976594778050637506110046938881881168324373667609198883179328489780831,-0.003476449107655630133707949062017167774691216471691451226056660951394268351105067068571349237275756408,-0.001034712137488170189372087749640242433876910504236483842157116284627588608755572473256081212400525118,True,True,-0.0035339318846857642549234229020175702706313888218969342451190091052248795920735934108901512816188615948793887472934907016020292320232379645987,-0.00088645482081151583969171819010350777063138882189693424511900910522487959207359341089015128161886159487938874729349070160202923202323796459871,True,True,0.00264747706387424841523170471191406249999999999999999999999999999999999999999999999999999999999999999999999999999999999999999999999999999999999,-0.0025489920654699611551541514482555769274547769914225959282508242430595762285470816958706555663822371921259717585148599274716036533300070865590,-0.0018805519388643514494132588173533597482738411879119956428653967364116350917873914007134016214483447242720842470103670461265602828143131105364,True,False,0.0006684401266056097057408926309022171791809358035106002853854275066479411367596902951572539449338924678538875115044928813450433705156939760226,-0.0024078583258193390744074269862779304514738007438464503345222680779468343931575087114203108791571984036558602739864321119042882454495005136646,-0.0020188394787905862313324871083595101491536505194233258885192199509842695411489769094880368424525749853566941126059844569803864239192627857857,True,False,0.0003890188470287528430749398779184203023201502244231244460030481269625648520085318019322740367046234182991661613804476549239018215302377278789
20,20/32,21/32,-0.00380340729844015557888476096716473833086829530066380043858212848174943808265136224229671940888958,-0.00112453881748997510224455294867479917702159906722671246506582859851736761734015502051132991372623,-0.003802963920296620411990073335508582244502052153044711105154619639292540588761778346940752076315717443,-0.001124971655697046449895931738097966540328683054234147017334443993710195668833703823164010212429490647,True,True,-0.0038668638933122340872313632206807750411509458870112745627091330020253971872383631488899521754606831878058919684858430386518347435654520136907,-0.00096149960311229306304713623093468129115094588701127456270913300202539718723836314888995217546068318780589196848584303865183474356545201369073,True,True,0.00290536429019994102418422698974609374999999999999999999999999999999999999999999999999999999999999999999999999999999999999999999999999999999997,-0.0027816005178526740257815357617263023951813193675993191769882886139178096401982222997052340400282143815430926699434897039032542136063582793436,-0.0020558912360166416800809808561578083808528338900423197917429978900858226351351944901257109665130999716510207350749456666937543786157379004326,True,False,0.0007257092818360323457005549055684940143284854775569993852452907238319870050630278095795230735151144098920719348685440372094998349906203789110,-0.0026282250612356667754720279377196634231418206767876372841448849316023037782699549640841228715856199631844599101621018533681171099064271557832,-0.0022062204296462224506309285142041515166073439430772374210995274651694069494948831840940500159144477251479754597013947801846599215557286182453,True,False,0.0004220046315894443248410994235155119065344767337103998630453574664328968287750717799900728556711722380364844504607070731834571883506985375379
21,21/32,22/32,-0.00415363196176026477652943290921745392030210314891133597103321773133461732222537784134352290687725,-0.00121810554199759051808887551525744630967539121812380806780700049333399716167669877861137809115423,-0.004153104895129275994656078799298173474748395420247607464774886964105624567966761155617009576377816535,-0.001218620222360967502713628904778652228642015584961658418336714224837207347285487156483424325737709114,True,True,-0.0042239692258004983291899701395187033781397323478483876654578033021299570523715766624824126883834303840491023817557013381544511351064549415035,-0.0010384918961205006913220425882491721281397323478483876654578033021299570523715766624824126883834303840491023817557012390160981149639071573619,True,True,0.0031854773296799976378679275512695312500000000000000000000000000000000000000000000000000000000000000000000000000000000991383530201425477841416,-0.0030293071595129888374219918325422383932242174020567966085674599115944306919765374262872073977801150733145565154744312904989976672369958393591,-0.0022420382943609208802892332260553521197066279505697992645492419434779750039947939139664264327590894707071815452163547921959608492598455026819,True,False,0.0007872688651520679571327586064868862735175894514869973440182179681164556879817435123207809650210256026073749702580764983030368179771503366772,-0.0028627687110922442208253471351301298861559242604402759989662932752591793261094206733242439304410540814536613661373686881974577833052116179440,-0.0024053420678796991978095887080151374972279856998320771979073888490626780413824313404210329314053610429910003713372261192581110644562113032159,True,False,0.0004574266432125450230157584271149923889279385606081988010589044261965012847269893329032109990356930384626609948001425689393467188490003147281
22,22/32,23/32,-0.00452930173150052019111465686085085866965960291248407295823352825340572703720160589123151856338520,-0.00131436519167803315274475250165671640164938014360746442234576772617346796489796408635742882185432,-0.004528678793385672404270672056230365124607006972733535366177977359089946546584203126360530942248670192,-0.001314972150184736000299881908568439774531254795106248187351081249251205721647306301317606907523714909,True,True,-0.0046077621866088893841507414412133702909397910472703966788444242793640235670552522497602209771666897129413200822502596122684559577131790059078,-0.0011158949038900036941769102644555577909397910472703966788444242793640235670552522497602209771666897129413200822502596122684559577131790059078,True,True,0.0034918672827188856899738311767578125000000000000000000000000000000000000000000000000000000000000000000000000000000000000000000000000000000000,-0.0032927045852366345626147285760711361245182654413649335827033065638729387173452785680191080313486330386384094654661323381791906441858290805992,-0.0024393562516163693052037924158890458402836079110644773713111684227028730416485103430078953911511990960183883939571817586122499307622368991406,True,False,0.0008533483336202652574109361601820902842346575303004562113921381411700656756967682250112126401974339426200210715089505795669407134235921814586,-0.0031120455045455758790562724256285516659764860540029232657292079743076130384980512279234358882730758825750851409086081356314536506974916821220,-0.0026165935623380797808130952917056911729676662731701361327347264408619509667718833693258308328946019708042283991050623889214897923146293519993,True,False,0.0004954519422074960982431771339228604930088197808327871329944815334456620717261678585976050553784739117708567418035457467099638583828623301227
23,23/32,24/32,-0.00493254876226891808339051731536454486468143971727348956985138331018280609213650387457892813007220,-0.00141237456872164014382193968357936967839600111981796056944037891308072777055434486765210859966174,-0.004931789413692958692212826741851040709789651495757784670092273415612151791295572185765690078287718985,-0.001413110943149950837863494558896083164969672901590110263460275217934999971747096890010598958951220207,True,True,-0.0050196726483170891816128558481660199420626431688091373343074749006822502403942240577141011544981252587686653661580558957909382564691734030141,-0.0011932675665355304891575641001191449420626431688091373343074749006822502403942240577141011544981252587686653661580558957909382564691734030141,True,True,0.0038264050817815586924552917480468750000000000000000000000000000000000000000000000000000000000000000000000000000000000000000000000000000000000,-0.0035725923646818918729317799362268230728444260354360522707591415969668562022282046108150082776956665984619238286298875539850757326898006960557,-0.0026480784521008141451656030727563940792762341680721410827879370889339271902613773675070729670385533063842121168448188494933678178361095875120,True,False,0.0009245139125810777277661768634704289935681918673639111879712045080329290119668272433079353106571132920777117117850687044917079148536911085437,-0.0033766888645276591561806474159420861176127526878766703564715875022445955940332892651235705555386507597634454417902469075584113281916331003924,-0.0028403135953190289097331716414058986188769112105713987942337652142725215668220026815871229226314605055249574062994554777091153822804926709805,True,False,0.0005363752692086302464474757745361874987358414773052715622378222879720740272112865835364476329071902542384880354907914298492959459111404294119
24,24/32,25/32,-0.00536467622141890415272690975039409253659981539496752286596784414097719774192943514266201819221580,-0.00151179729010473107703712094961561555532791427925675096448835294931706031442257851399566286740184,-0.005363746392457766722731936119617356025012925208328473356655181610355029656377767871502973929107478528,-0.001512694673780761596636765461679606872073987689208698290729146273959861467645627469069112658956510840,True,True,-0.0054616482516242640320398305328029993689694024509904865179624266124898691338386388883767573012410157153157971065497007797433271773495771541558,-0.0012696722037465760711767171294826868689694024509904865179624266124898691338386388883767573012410157153157971065497006806049741572070293700143,True,True,0.0041919760478776879608631134033203125000000000000000000000000000000000000000000000000000000000000000000000000000000000991383530201425477841415,-0.0038695213380412514241046707640450908654361804619912810987036017389573897699357267940608123304189438266921282630733280552953097710417814401846,-0.0028683971612802906817349193529417410973747553427966918633432435105536465422208849292623410478253269604456086767014544005441135090369438530796,True,False,0.0010011241767609607423697514111033497680614251191945892353603582284037432277148418647984712825936168662465195863718736547511962620048375871050,-0.0036572294692739499314454954258904176482032160716692065815340969661284576571096791857326739070724310027933764518922549501365490969866476058367,-0.0030768158061205482234602364427481753578368638018337130527313433219429863018395631524558036789827971843019313484303169563408363468535447777280,True,False,0.0005804136631534017079852589831422422903663522698354935288027536441854713552701160332768702280896338184914451034619379937957127501331028281087
25,25/32,26/32,-0.00582673299028267086539709783596567972454278306390521305903176916945807638209377666276621642558814,-0.00161271770875051396263502517706309885401522657019737584211459813580363112262863756795227126679940,-0.005825622613983546848611232992035969905268887088530083955915056629508357017594595110324173883660920480,-0.001613785079558209272328176831211351219652713735483390572063364237104990398633836212924125994092800655,True,True,-0.0059345898303707065499298111198014107774881407404691454895128293249774058620707106889099892583867809604153439488626468241068767061392737359222,-0.0013452205281044291770927444694107857774881407404691454895128293249774058620707106889099892583867809604153439488626468241068767061392737359222,True,True,0.0045893693022662773728370666503906250000000000000000000000000000000000000000000000000000000000000000000000000000000000000000000000000000000000,-0.0041840124639970028396489644985005431200004501253404747341011597908118107478063077569955919052979048639804287334484185964602552562218179530194,-0.0031007707087052898154302133318462209236145542276252443398602591102105658874881550356984284715654809449957357899471976677844518655121926446281,True,False,0.0010832417552917130242187511666543221963858958977152303942409006806012448603181527212971634337324239189846929435012209286758033907096253083913,-0.0039542123260018207578688772024882088985770221701298196353259710672594397798931649914814833692442442627047751944934627427205395798993983192844,-0.0033264966772286456271498336934516728813670630340413752134525798877056004276474399588584747690835324395171796199499782010484382996609324686967,True,False,0.0006277156487731751307190435090365360172099591360884444218733911795538393522457250326230086001607118231875955745434845416721012802384658505877
26,26/32,27/32,-0.00632017831546040980777938654627537101886455128312877156653404711045488050347590746340631836913367,-0.00171485964250911491101066683203531332965799977691736269031987668114123767217087219327242105336318,-0.006318861645962077035563734279010123615084892974986409318489484609533707199488658351214244550796519078,-0.001716124357441835624392999926970213362852405648367375816731758671184107731807028238563851944669235369,True,True,-0.0064399842271341915451808271011521706652984842915786959677542449529451594766769915072087087939910888783004412665040607776478854142637982801557,-0.0014194263607606264972014722427537331652984842915786959677542449529451594766769915072087087939910888783004412665040607776478854142637982801557,True,True,0.0050205578663735650479793548583984375000000000000000000000000000000000000000000000000000000000000000000000000000000000000000000000000000000000,-0.0045167963124280392992765410303653373376488548181317835025646899378145444241231226004680985367257884662874515743089810755288799743380566159338,-0.0033454388006952030573186222986848982391579338545817521750763512917319978582921455189411764609331041763981460008118660838857204293584722745341,True,False,0.0011713575117328362419579187316804390984909209635500313274883386460825465658309770815269220757926842898893055734971149916431595449795843413997,-0.0042682410444851334858036536952362102870685049588825218583441392173486877221756408971327148371213804581891108912294364217072694623683799137208,-0.0035897102918077510622834029377679785302427999278965551116199698055014874077015743994456482388897428693616830637738510925616772273437603046071,True,False,0.0006785307526773824235202507574682317568257050309859667467241694118472003144740664976870665982316375888274278274555853291455922350246196091137
27,27/32,28/32,-0.00684735853380668518644109166284835747886674367469166299291426124322884410148358769845187277762491,-0.00181712424321559841756256047614486091962738063248571263543074991218700974721979163085060696427418,-0.006845814415577989969649085673164751855273347676174758401802534293281592709867799771196230994096584356,-0.001818619160315249257014327155799365740323946432837711225004241222485306467092316249747485420940640807,True,True,-0.0069807041740783744880645650343771904055245925559391925310958772284815834218390863004385525995273790006186730373072091029942896188357640459170,-0.0014905114962526851722686665968771904055245925559391925310958772284815834218390863004385525995273790006186730373072091029942896188357640459170,True,True,0.0054901926778256893157958984375000000000000000000000000000000000000000000000000000000000000000000000000000000000000000000000000000000000000000,-0.0048684276925021395299810984030798723000114837650985279708518480220368421033847790282902807146660423850989564168951461641350530130957661991243,-0.0036027107710216176860932568934891751997057927755132066777377472759146821166127604736154844957791661540964817894002726780408064590418877502081,True,False,0.0012657169214805218438878415095906971003056909895853212931141007461221599867720185546747962188868762310024746274948734860942465540538784489162,-0.0045998893400113766766424691357149645498393541496731212087570401771058971450692555447689663627860001557032956927961384686919342565429033579169,-0.0038667875949596038802154119393911647458618756889953322781314309645937948803917727596206174186976880194691501511771096455722330579504680333480,True,False,0.0007331017450517727964270571963237998039774784606777889306256092125121022646774827851483489440883121362341455416190288231197011985924353245689
28,28/32,29/32,-0.00741038647479653101334304693875657598962126119683719225227377643292450723301449168424900696473197,-0.00191882095679923880846393031569994665900016425210803213215278322226281533697179568595865397431402,-0.007408575785143994562792797646444048317448619644055176891687001451126386407018710492403472671719240885,-0.001920580309115990634260261712543039743522387092815483155464266300905995467524838905093991800854775727,True,True,-0.0075581309629301687825780479303343807475870215955138587607234565916740173145463176883710021480072630518435333934488342635864978796236649300329,-0.0015581646857713496435742942682250057475870215955138587607234565916740173145463176883710021480072630518435333934488342635864978796236649300329,True,True,0.0059999662771588191390037536621093750000000000000000000000000000000000000000000000000000000000000000000000000000000000000000000000000000000000,-0.0052397175497590868361461052991837353042629685652169795564060037316604895347091311248090147763292187399072705374045306069592964684090764653929,-0.0038728385927090693679140543038395334996703227809915021435533773848952832217771252144678427953028913986824811764621322835701427825800218174185,True,False,0.0013668789570500174682320509953442018045926457842254774128526263467652063129320059103411719810263273412247893609423983233891536858290546479744,-0.0049498137355749306707944731211554755096572860833732564841376114951576089405317649706146764971423675948540305516832723274514494042895176232159,-0.0041580569840047301808414407165707145296055011025054899640875865321901540306556043041473645944834459384917003656254172762323936570703621702488,True,False,0.0007917567515702004899530324045847609800517849808677665200500249629674549098761606664673119026589216563623301860578550512190557472191554529671
29,29/32,30/32,-0.00801115861750200484449707800228646942159407946451214740722969277357325308530631430496305473376456,-0.00201918433418808739365174983477148636122516993467719286000350085371815487288853928777420871318283,-0.008009046350075753790142908131416751954713105154297762179990231591940261032481940298304905709012173185,-0.002021241986328605705375451113660592411051069089813213325224224983235584697747726937812414005608855229,True,True,-0.0081744644714285975061444971483840034719856890600777542164334793279023037356796075136729450243972154939394379305879312681322004861878209788500,-0.0016213009013677371405153009813918159719856890600777542164334793279023037356796075136729450243972154939394379305879312681322004861878209788500,True,True,0.0065531635700608603656291961669921875000000000000000000000000000000000000000000000000000000000000000000000000000000000000000000000000000000000,-0.0056313252003884990870727495707564950707825389892112176362035969632380619135735697943933871096164427429327604952540903004135022601297764394392,-0.0041559490367570417179718234133249667232464730372913483885081398925683893992630579145453777274732998486647785876856744317712841952842781020991,True,False,0.0014753761636314573691009261574315283475360659519198692476954570706696725143105118798480093821431428942679819075684158686422180648454983373401,-0.0053186190484467321592727172827755201870125556010075430122492304882567754359146530527709245431354818548141622752568951914087327675282376566119,-0.0044637784116262585336889541039017130972454804463134056140620918916645961702873664010652202540669985177463029337211393987634034352319697254939,True,False,0.0008548406368204736255837631788738070897670751546941373981871385965921792656272866517057042890684833370678593415357557926453293322962679311180
30,30/32,31/32,-0.00865219001211100944839779763510166022521704191190018971610358833635442323807906132773245842105859,-0.00211684681572639055070569493881629809646925460701626532349536977288488420543252331118322711515034,-0.008649737567532820582028735913435414224371346361225363124690043200687917813678420589770374345312895446,-0.002119240039509940392279627712986393612684056233023307214681662704882131280492076032079646957098836104,True,True,-0.0088324427832393396319986538855170061459912712364861184589422628580687511162857889574165586344406457145197269673947933410219593257310446202831,-0.0016783172230478796782137112585638811459912712364861184589422628580687511162857889574165586344406457145197269673947933410219593257310446202831,True,True,0.0071541255601914599537849426269531250000000000000000000000000000000000000000000000000000000000000000000000000000000000000000000000000000000000,-0.0060439514911861777548617971553609288580422395138548093649911159612251956833780913131258431120976504254646767389702917925160736381782208388936,-0.0044523481047592747408834771672977083808227927512920665279902153554943560597072518145745470192040391442815549546299396499962770460870227742451,True,False,0.0015916033864269030139783199880632204772194467625627428370009006057308396236708394985512960928936112811831217843403521425197965920911980646485,-0.0057069502539882909388748501783632621296016206492713909573898821964822499289478698724290347715686122368006106224077280969791124968310856544069,-0.0047842724140788544446045186454480666206032540176626252992236812056048919711556733191575436310928152461984225924020003140185828524827516663771,True,False,0.0009226778399094364942703315329151955089983666316087656581662009908773579577921965532714911404757969906021880300057277829605296443483339880298
31,31/32,32/32,-0.00933578142719634877058430757693034382404744859366625757505235140523930563646718977187260202784296,-0.00221102014107115895203720008189146148296542252130341877399781410441500311963068740146712368212798,-0.009333017502958486328593963033359394580805979358005161246125407116326471632850914796636748349588012884,-0.002213717788234322857250064480066221757461073914664136778109980826732815115333533545924090843105351197,True,True,-0.0095358210572587046656263396852891943078343374232781419163368547058091522996813082270697423800884170212303554937961135190101491202468383591653,-0.0017266427647402230534208343141954443078343374232781419163368547058091522996813082270697423800884170212303554937961133207334430799617427908822,True,True,0.0078091782925184816122055053710937500000000000000000000000000000000000000000000000000000000000000000000000000000000001982767060402850955682831,-0.0064783111212596104939656985622147493659974074871763565616827362649783506328699539564012024648815363842126485244303426310129256046759735147243,-0.0047621499067666237234192958902841458939776947520736619494612103826830599192042306973835778653572550177437842482784550867430874269656819365440,True,False,0.0017161612144929867705464026719306034720197127351026946122215258822952907136657232590176245995242813664688642761518875442698381777102915781803,-0.0061154438262519983174131083846480486070851188057459142412490757008827856776246658945003248007944153470617756687690852003415944177090249164462,-0.0051197766121870225702118425074950511665737626516613768971460396072639671119758941741293349653550660884542512630699949396975274874562846963051,True,False,0.0009956672140649757472012658771529974405113561540845373441030360936188185656487717203709898354393492586075244056990902606440669302527402201411
